ColleraID,PK,Collera,Ubicacion,Km_Desde,Km_Hasta
33-1,33,1,Recta,33.0,33.012
33-2,33,2,Recta,33.012,33.024
33-3,33,3,Recta,33.024,33.036
33-4,33,4,Recta,33.036,33.048
33-6,33,6,Recta,33.048,33.06
33-7,33,7,Recta,33.06,33.072
33-8,33,8,Recta,33.072,33.084
33-9,33,9,Recta,33.084,33.096
33-10,33,10,Recta,33.096,33.108
33-11,33,11,Recta,33.108,33.12
33-12,33,12,Recta,33.12,33.132
33-13,33,13,Recta,33.132,33.144
33-15,33,15,Recta,33.144,33.156
33-16,33,16,Recta,33.156,33.168
33-17,33,17,Recta,33.168,33.18
33-18,33,18,Recta,33.18,33.192
33-19,33,19,Recta,33.192,33.204
33-20,33,20,Recta,33.204,33.216
33-21,33,21,Curva,33.216,33.228
33-23,33,23,Recta,33.228,33.24
33-24,33,24,Recta,33.24,33.252
33-25,33,25,Recta,33.252,33.264
33-26,33,26,Recta,33.264,33.276
33-27,33,27,Recta,33.276,33.288
33-29,33,29,Recta,33.288,33.3
33-30,33,30,Recta,33.3,33.312
33-33,33,33,Recta,33.312,33.324
33-35,33,35,Recta,33.324,33.336
33-36,33,36,Recta,33.336,33.348
33-37,33,37,Recta,33.348,33.36
33-38,33,38,Recta,33.36,33.372
33-41,33,41,Recta,33.372,33.384
33-42,33,42,Recta,33.384,33.396
33-43,33,43,Recta,33.396,33.408
33-44,33,44,Recta,33.408,33.42
33-45,33,45,Recta,33.42,33.432
33-46,33,46,Recta,33.432,33.444
33-47,33,47,Recta,33.444,33.456
33-48,33,48,Recta,33.456,33.468
33-49,33,49,Recta,33.468,33.48
33-50,33,50,Recta,33.48,33.492
33-51,33,51,Recta,33.492,33.504
33-52,33,52,Recta,33.504,33.516
33-53,33,53,Recta,33.516,33.528
33-55,33,55,Recta,33.528,33.54
33-56,33,56,Recta,33.54,33.552
33-57,33,57,Recta,33.552,33.564
33-58,33,58,Recta,33.564,33.576
33-59,33,59,Recta,33.576,33.588
33-60,33,60,Recta,33.588,33.6
33-61,33,61,Recta,33.6,33.612
33-62,33,62,Recta,33.612,33.624
33-63,33,63,Recta,33.624,33.636
33-64,33,64,Recta,33.636,33.648
33-65,33,65,Recta,33.648,33.66
33-66,33,66,Recta,33.66,33.672
33-67,33,67,Recta,33.672,33.684
33-68,33,68,Recta,33.684,33.696
33-69,33,69,Recta,33.696,33.708
33-70,33,70,Recta,33.708,33.72
33-71,33,71,Recta,33.72,33.732
33-72,33,72,Recta,33.732,33.744
33-73,33,73,Recta,33.744,33.756
33-74,33,74,Recta,33.756,33.768
33-75,33,75,Recta,33.768,33.78
33-76,33,76,Recta,33.78,33.792
33-79,33,79,Recta,33.792,33.804
33-80,33,80,Principio Curva < 1000,33.804,33.816
33-81,33,81,Curva < 1000,33.816,33.828
33-82,33,82,Curva < 1000,33.828,33.84
33-83,33,83,Curva < 1000,33.84,33.852
33-84,33,84,Curva < 1000,33.852,33.864
33-85,33,85,Curva < 1000,33.864,33.876
33-86,33,86,Principio Curva Circular < 1000,33.876,33.888
33-87,33,87,Curva < 1000,33.888,33.9
33-88,33,88,Curva < 1000,33.9,33.912
33-89,33,89,Curva < 1000,33.912,33.924
33-90,33,90,Curva < 1000,33.924,33.936
33-91,33,91,Curva < 1000,33.936,33.948
33-92,33,92,Curva < 1000,33.948,33.96
33-93,33,93,Curva < 1000,33.96,33.972
33-94,33,94,Curva < 1000,33.972,33.984
33-95,33,95,Curva < 1000,33.984,33.996
33-96,33,96,Curva < 1000,33.996,34.008
33-97,33,97,Curva < 1000,34.008,34.02
33-98,33,98,Curva < 1000,34.02,34.032
33-99,33,99,Curva < 1000,34.032,34.044
34-1,34,1,Recta,34.0,34.012
34-2,34,2,Recta,34.012,34.024
34-3,34,3,Recta,34.024,34.036
34-4,34,4,Recta,34.036,34.048
34-5,34,5,Recta,34.048,34.06
34-6,34,6,Recta,34.06,34.072
34-7,34,7,Recta,34.072,34.084
34-8,34,8,Recta,34.084,34.096
34-9,34,9,Recta,34.096,34.108
34-12,34,12,Recta,34.108,34.12
34-13,34,13,Recta,34.12,34.132
34-14,34,14,Recta,34.132,34.144
34-15,34,15,Recta,34.144,34.156
34-16,34,16,Recta,34.156,34.168
34-17,34,17,Recta,34.168,34.18
34-18,34,18,Recta,34.18,34.192
34-19,34,19,Recta,34.192,34.204
34-20,34,20,Recta,34.204,34.216
34-46,34,46,Recta,34.216,34.228
34-47,34,47,Recta,34.228,34.24
34-48,34,48,Recta,34.24,34.252
34-49,34,49,Recta,34.252,34.264
34-50,34,50,Recta,34.264,34.276
34-51,34,51,Recta,34.276,34.288
34-52,34,52,Recta,34.288,34.3
34-53,34,53,Recta,34.3,34.312
34-54,34,54,Recta,34.312,34.324
34-55,34,55,Recta,34.324,34.336
34-56,34,56,Recta,34.336,34.348
34-57,34,57,Recta,34.348,34.36
34-58,34,58,Recta,34.36,34.372
34-59,34,59,Recta,34.372,34.384
34-60,34,60,Recta,34.384,34.396
34-61,34,61,Recta,34.396,34.408
34-62,34,62,Recta,34.408,34.42
34-63,34,63,Recta,34.42,34.432
34-64,34,64,Recta,34.432,34.444
34-65,34,65,Recta,34.444,34.456
34-66,34,66,Principio Curva < 1000,34.456,34.468
34-67,34,67,Curva < 1000,34.468,34.48
34-68,34,68,Curva < 1000,34.48,34.492
34-69,34,69,Curva < 1000,34.492,34.504
34-70,34,70,Curva < 1000,34.504,34.516
34-71,34,71,Principio Curva Circular < 1000,34.516,34.528
34-72,34,72,Curva < 1000,34.528,34.54
34-73,34,73,Curva < 1000,34.54,34.552
34-74,34,74,Curva < 1000,34.552,34.564
34-75,34,75,Curva < 1000,34.564,34.576
34-76,34,76,Curva < 1000,34.576,34.588
34-77,34,77,Curva < 1000,34.588,34.6
34-78,34,78,Curva < 1000,34.6,34.612
34-79,34,79,Curva < 1000,34.612,34.624
34-80,34,80,Curva < 1000,34.624,34.636
34-81,34,81,Curva < 1000,34.636,34.648
34-82,34,82,Curva < 1000,34.648,34.66
34-83,34,83,Curva < 1000,34.66,34.672
34-84,34,84,Curva < 1000,34.672,34.684
35-1,35,1,Curva < 1000,35.0,35.012
35-2,35,2,Curva < 1000,35.012,35.024
35-3,35,3,Curva < 1000,35.024,35.036
35-4,35,4,Curva < 1000,35.036,35.048
35-5,35,5,Curva < 1000,35.048,35.06
35-6,35,6,Curva < 1000,35.06,35.072
35-7,35,7,Curva < 1000,35.072,35.084
35-8,35,8,Curva < 1000,35.084,35.096
35-9,35,9,Curva < 1000,35.096,35.108
35-10,35,10,Curva < 1000,35.108,35.12
35-11,35,11,Curva < 1000,35.12,35.132
35-12,35,12,Curva < 1000,35.132,35.144
35-13,35,13,Curva < 1000,35.144,35.156
35-14,35,14,Curva < 1000,35.156,35.168
35-15,35,15,Curva < 1000,35.168,35.18
35-16,35,16,Curva < 1000,35.18,35.192
35-17,35,17,Curva < 1000,35.192,35.204
35-18,35,18,Curva < 1000,35.204,35.216
35-19,35,19,Curva < 1000,35.216,35.228
35-20,35,20,Curva < 1000,35.228,35.24
35-21,35,21,Curva < 1000,35.24,35.252
35-22,35,22,Curva < 1000,35.252,35.264
35-23,35,23,Curva < 1000,35.264,35.276
35-24,35,24,Curva < 1000,35.276,35.288
35-25,35,25,Curva < 1000,35.288,35.3
35-26,35,26,Curva < 1000,35.3,35.312
35-27,35,27,Curva < 1000,35.312,35.324
35-28,35,28,Curva < 1000,35.324,35.336
35-29,35,29,Curva < 1000,35.336,35.348
35-30,35,30,Curva < 1000,35.348,35.36
35-31,35,31,Curva < 1000,35.36,35.372
35-32,35,32,Curva < 1000,35.372,35.384
35-33,35,33,Curva < 1000,35.384,35.396
35-34,35,34,Curva < 1000,35.396,35.408
35-35,35,35,Curva < 1000,35.408,35.42
35-36,35,36,Curva < 1000,35.42,35.432
35-37,35,37,Fin Curva Circular < 1000,35.432,35.444
35-38,35,38,Curva < 1000,35.444,35.456
35-39,35,39,Curva < 1000,35.456,35.468
35-40,35,40,Curva < 1000,35.468,35.48
35-41,35,41,Curva < 1000,35.48,35.492
35-42,35,42,Curva < 1000,35.492,35.504
35-43,35,43,Curva < 1000,35.504,35.516
35-44,35,44,Fin Curva < 1000,35.516,35.528
35-45,35,45,Recta,35.528,35.54
35-46,35,46,Recta,35.54,35.552
35-47,35,47,Recta,35.552,35.564
35-48,35,48,Recta,35.564,35.576
35-49,35,49,Recta,35.576,35.588
35-50,35,50,Recta,35.588,35.6
35-51,35,51,Recta,35.6,35.612
35-52,35,52,Recta,35.612,35.624
35-53,35,53,Recta,35.624,35.636
35-54,35,54,Recta,35.636,35.648
35-55,35,55,Recta,35.648,35.66
35-56,35,56,Recta,35.66,35.672
35-57,35,57,Recta,35.672,35.684
35-58,35,58,Recta,35.684,35.696
35-59,35,59,Recta,35.696,35.708
35-60,35,60,Recta,35.708,35.72
35-61,35,61,Recta,35.72,35.732
35-62,35,62,Recta,35.732,35.744
35-63,35,63,Recta,35.744,35.756
35-64,35,64,Recta,35.756,35.768
35-65,35,65,Recta,35.768,35.78
35-66,35,66,Recta,35.78,35.792
35-67,35,67,Recta,35.792,35.804
35-68,35,68,Recta,35.804,35.816
35-69,35,69,Recta,35.816,35.828
35-70,35,70,Recta,35.828,35.84
35-71,35,71,Recta,35.84,35.852
35-72,35,72,Recta,35.852,35.864
35-73,35,73,Recta,35.864,35.876
35-74,35,74,Recta,35.876,35.888
35-75,35,75,Recta,35.888,35.9
35-76,35,76,Recta,35.9,35.912
35-77,35,77,Recta,35.912,35.924
35-78,35,78,Recta,35.924,35.936
35-79,35,79,Recta,35.936,35.948
35-80,35,80,Recta,35.948,35.96
35-81,35,81,Recta,35.96,35.972
35-82,35,82,Recta,35.972,35.984
35-83,35,83,Recta,35.984,35.996
35-84,35,84,Recta,35.996,36.008
35-85,35,85,Recta,36.008,36.02
35-86,35,86,Recta,36.02,36.032
36-1,36,1,Recta,36.0,36.012
36-2,36,2,Recta,36.012,36.024
36-3,36,3,Recta,36.024,36.036
36-4,36,4,Recta,36.036,36.048
36-5,36,5,Recta,36.048,36.06
36-6,36,6,Recta,36.06,36.072
36-7,36,7,Recta,36.072,36.084
36-8,36,8,Recta,36.084,36.096
36-9,36,9,Recta,36.096,36.108
36-10,36,10,Recta,36.108,36.12
36-11,36,11,Recta,36.12,36.132
36-12,36,12,Recta,36.132,36.144
36-13,36,13,Recta,36.144,36.156
36-14,36,14,Recta,36.156,36.168
36-15,36,15,Recta,36.168,36.18
36-16,36,16,Recta,36.18,36.192
36-17,36,17,Recta,36.192,36.204
36-18,36,18,Recta,36.204,36.216
36-19,36,19,Recta,36.216,36.228
36-20,36,20,Recta,36.228,36.24
36-21,36,21,Recta,36.24,36.252
36-22,36,22,Recta,36.252,36.264
36-23,36,23,Recta,36.264,36.276
36-24,36,24,Recta,36.276,36.288
36-25,36,25,Recta,36.288,36.3
36-26,36,26,Recta,36.3,36.312
36-27,36,27,Recta,36.312,36.324
36-28,36,28,Recta,36.324,36.336
36-29,36,29,Recta,36.336,36.348
36-30,36,30,Recta,36.348,36.36
36-31,36,31,Recta,36.36,36.372
36-32,36,32,Recta,36.372,36.384
36-33,36,33,Recta,36.384,36.396
36-34,36,34,Recta,36.396,36.408
36-35,36,35,Recta,36.408,36.42
36-36,36,36,Recta,36.42,36.432
36-37,36,37,Recta,36.432,36.444
36-38,36,38,Recta,36.444,36.456
36-39,36,39,Recta,36.456,36.468
36-40,36,40,Recta,36.468,36.48
36-41,36,41,Recta,36.48,36.492
36-42,36,42,Recta,36.492,36.504
36-43,36,43,Recta,36.504,36.516
36-44,36,44,Recta,36.516,36.528
36-45,36,45,Recta,36.528,36.54
36-46,36,46,Recta,36.54,36.552
36-47,36,47,Recta,36.552,36.564
36-48,36,48,Recta,36.564,36.576
36-49,36,49,Recta,36.576,36.588
36-50,36,50,Recta,36.588,36.6
36-51,36,51,Recta,36.6,36.612
36-52,36,52,Recta,36.612,36.624
36-53,36,53,Recta,36.624,36.636
36-54,36,54,Recta,36.636,36.648
36-55,36,55,Recta,36.648,36.66
36-56,36,56,Recta,36.66,36.672
36-57,36,57,Recta,36.672,36.684
36-58,36,58,Recta,36.684,36.696
36-59,36,59,Recta,36.696,36.708
36-60,36,60,Recta,36.708,36.72
36-61,36,61,Recta,36.72,36.732
36-62,36,62,Recta,36.732,36.744
36-63,36,63,Recta,36.744,36.756
36-64,36,64,Recta,36.756,36.768
36-65,36,65,Recta,36.768,36.78
36-66,36,66,Recta,36.78,36.792
36-67,36,67,Recta,36.792,36.804
36-68,36,68,Recta,36.804,36.816
36-69,36,69,Recta,36.816,36.828
36-70,36,70,Recta,36.828,36.84
36-71,36,71,Recta,36.84,36.852
36-72,36,72,Recta,36.852,36.864
36-73,36,73,Recta,36.864,36.876
36-74,36,74,Recta,36.876,36.888
36-75,36,75,Recta,36.888,36.9
36-76,36,76,Recta,36.9,36.912
36-77,36,77,Recta,36.912,36.924
36-78,36,78,Recta,36.924,36.936
36-79,36,79,Recta,36.936,36.948
36-80,36,80,Recta,36.948,36.96
36-81,36,81,Recta,36.96,36.972
36-82,36,82,Recta,36.972,36.984
36-83,36,83,Recta,36.984,36.996
36-84,36,84,Recta,36.996,37.008
37-1,37,1,Recta,37.0,37.012
37-2,37,2,Recta,37.012,37.024
37-3,37,3,Recta,37.024,37.036
37-4,37,4,Recta,37.036,37.048
37-5,37,5,Recta,37.048,37.06
37-6,37,6,Recta,37.06,37.072
37-7,37,7,Recta,37.072,37.084
37-8,37,8,Recta,37.084,37.096
37-9,37,9,Recta,37.096,37.108
37-10,37,10,Recta,37.108,37.12
37-11,37,11,Recta,37.12,37.132
37-12,37,12,Recta,37.132,37.144
37-13,37,13,Recta,37.144,37.156
37-14,37,14,Recta,37.156,37.168
37-15,37,15,Recta,37.168,37.18
37-16,37,16,Recta,37.18,37.192
37-17,37,17,Recta,37.192,37.204
37-18,37,18,Recta,37.204,37.216
37-19,37,19,Recta,37.216,37.228
37-20,37,20,Recta,37.228,37.24
37-21,37,21,Recta,37.24,37.252
37-22,37,22,Recta,37.252,37.264
37-23,37,23,Recta,37.264,37.276
37-24,37,24,Recta,37.276,37.288
37-25,37,25,Recta,37.288,37.3
37-26,37,26,Recta,37.3,37.312
37-27,37,27,Recta,37.312,37.324
37-28,37,28,Recta,37.324,37.336
37-29,37,29,Recta,37.336,37.348
37-30,37,30,Recta,37.348,37.36
37-31,37,31,Recta,37.36,37.372
37-32,37,32,Recta,37.372,37.384
37-33,37,33,Recta,37.384,37.396
37-34,37,34,Recta,37.396,37.408
37-35,37,35,Recta,37.408,37.42
37-36,37,36,Recta,37.42,37.432
37-37,37,37,Recta,37.432,37.444
37-38,37,38,Recta,37.444,37.456
37-39,37,39,Recta,37.456,37.468
37-40,37,40,Recta,37.468,37.48
37-41,37,41,Recta,37.48,37.492
37-42,37,42,Recta,37.492,37.504
37-43,37,43,Recta,37.504,37.516
37-44,37,44,Recta,37.516,37.528
37-45,37,45,Recta,37.528,37.54
37-46,37,46,Recta,37.54,37.552
37-47,37,47,Recta,37.552,37.564
37-48,37,48,Recta,37.564,37.576
37-49,37,49,Recta,37.576,37.588
37-50,37,50,Recta,37.588,37.6
37-51,37,51,Recta,37.6,37.612
37-52,37,52,Recta,37.612,37.624
37-53,37,53,Recta,37.624,37.636
37-54,37,54,Recta,37.636,37.648
37-55,37,55,Recta,37.648,37.66
37-56,37,56,Recta,37.66,37.672
37-57,37,57,Recta,37.672,37.684
37-58,37,58,Recta,37.684,37.696
37-59,37,59,Recta,37.696,37.708
37-60,37,60,Recta,37.708,37.72
37-61,37,61,Recta,37.72,37.732
37-62,37,62,Recta,37.732,37.744
37-63,37,63,Recta,37.744,37.756
37-64,37,64,Recta,37.756,37.768
37-65,37,65,Recta,37.768,37.78
37-66,37,66,Recta,37.78,37.792
37-67,37,67,Recta,37.792,37.804
37-68,37,68,Recta,37.804,37.816
37-69,37,69,Recta,37.816,37.828
37-70,37,70,Recta,37.828,37.84
37-71,37,71,Recta,37.84,37.852
37-72,37,72,Recta,37.852,37.864
37-73,37,73,Recta,37.864,37.876
37-74,37,74,Recta,37.876,37.888
37-75,37,75,Recta,37.888,37.9
37-76,37,76,Recta,37.9,37.912
37-77,37,77,Recta,37.912,37.924
37-78,37,78,Recta,37.924,37.936
37-79,37,79,Recta,37.936,37.948
37-80,37,80,Recta,37.948,37.96
37-81,37,81,Recta,37.96,37.972
37-82,37,82,Recta,37.972,37.984
37-83,37,83,Recta,37.984,37.996
38-1,38,1,Recta,38.0,38.012
38-2,38,2,Recta,38.012,38.024
38-3,38,3,Recta,38.024,38.036
38-4,38,4,Recta,38.036,38.048
38-5,38,5,Recta,38.048,38.06
38-6,38,6,Recta,38.06,38.072
38-7,38,7,Recta,38.072,38.084
38-8,38,8,Recta,38.084,38.096
38-9,38,9,Recta,38.096,38.108
38-10,38,10,Recta,38.108,38.12
38-11,38,11,Recta,38.12,38.132
38-12,38,12,Recta,38.132,38.144
38-13,38,13,Recta,38.144,38.156
38-14,38,14,Recta,38.156,38.168
38-15,38,15,Recta,38.168,38.18
38-16,38,16,Recta,38.18,38.192
38-17,38,17,Recta,38.192,38.204
38-18,38,18,Recta,38.204,38.216
38-19,38,19,Recta,38.216,38.228
38-20,38,20,Recta,38.228,38.24
38-21,38,21,Recta,38.24,38.252
38-22,38,22,Recta,38.252,38.264
38-23,38,23,Recta,38.264,38.276
38-24,38,24,Recta,38.276,38.288
38-25,38,25,Recta,38.288,38.3
38-26,38,26,Recta,38.3,38.312
38-27,38,27,Recta,38.312,38.324
38-28,38,28,Recta,38.324,38.336
38-29,38,29,Recta,38.336,38.348
38-30,38,30,Recta,38.348,38.36
38-31,38,31,Recta,38.36,38.372
38-32,38,32,Recta,38.372,38.384
38-33,38,33,Recta,38.384,38.396
38-34,38,34,Recta,38.396,38.408
38-35,38,35,Recta,38.408,38.42
38-36,38,36,Recta,38.42,38.432
38-37,38,37,Recta,38.432,38.444
38-38,38,38,Recta,38.444,38.456
38-39,38,39,Recta,38.456,38.468
38-40,38,40,Recta,38.468,38.48
38-41,38,41,Recta,38.48,38.492
38-42,38,42,Recta,38.492,38.504
38-43,38,43,Recta,38.504,38.516
38-44,38,44,Recta,38.516,38.528
38-45,38,45,Recta,38.528,38.54
38-46,38,46,Recta,38.54,38.552
38-47,38,47,Recta,38.552,38.564
38-48,38,48,Recta,38.564,38.576
38-49,38,49,Recta,38.576,38.588
38-50,38,50,Recta,38.588,38.6
38-51,38,51,Recta,38.6,38.612
38-52,38,52,Recta,38.612,38.624
38-53,38,53,Recta,38.624,38.636
38-54,38,54,Recta,38.636,38.648
38-55,38,55,Recta,38.648,38.66
38-56,38,56,Recta,38.66,38.672
38-57,38,57,Recta,38.672,38.684
38-58,38,58,Recta,38.684,38.696
38-59,38,59,Recta,38.696,38.708
38-60,38,60,Recta,38.708,38.72
38-61,38,61,Recta,38.72,38.732
38-62,38,62,Recta,38.732,38.744
38-63,38,63,Recta,38.744,38.756
38-64,38,64,Recta,38.756,38.768
38-65,38,65,Recta,38.768,38.78
38-66,38,66,Recta,38.78,38.792
38-67,38,67,Recta,38.792,38.804
38-68,38,68,Recta,38.804,38.816
38-69,38,69,Recta,38.816,38.828
38-70,38,70,Recta,38.828,38.84
38-71,38,71,Recta,38.84,38.852
38-72,38,72,Recta,38.852,38.864
38-73,38,73,Recta,38.864,38.876
38-74,38,74,Recta,38.876,38.888
38-75,38,75,Recta,38.888,38.9
38-76,38,76,Recta,38.9,38.912
38-77,38,77,Recta,38.912,38.924
38-78,38,78,Recta,38.924,38.936
38-79,38,79,Recta,38.936,38.948
38-80,38,80,Recta,38.948,38.96
38-81,38,81,Recta,38.96,38.972
38-82,38,82,Recta,38.972,38.984
38-83,38,83,Recta,38.984,38.996
38-84,38,84,Recta,38.996,39.008
39-1,39,1,Recta,39.0,39.012
39-2,39,2,Recta,39.012,39.024
39-3,39,3,Recta,39.024,39.036
39-4,39,4,Recta,39.036,39.048
39-5,39,5,Recta,39.048,39.06
39-6,39,6,Recta,39.06,39.072
39-7,39,7,Recta,39.072,39.084
39-8,39,8,Recta,39.084,39.096
39-9,39,9,Recta,39.096,39.108
39-10,39,10,Recta,39.108,39.12
39-11,39,11,Recta,39.12,39.132
39-12,39,12,Recta,39.132,39.144
39-13,39,13,Recta,39.144,39.156
39-14,39,14,Recta,39.156,39.168
39-15,39,15,Recta,39.168,39.18
39-16,39,16,Recta,39.18,39.192
39-17,39,17,Recta,39.192,39.204
39-18,39,18,Recta,39.204,39.216
39-19,39,19,Recta,39.216,39.228
39-20,39,20,Recta,39.228,39.24
39-21,39,21,Recta,39.24,39.252
39-22,39,22,Recta,39.252,39.264
39-23,39,23,Recta,39.264,39.276
39-24,39,24,Recta,39.276,39.288
39-25,39,25,Recta,39.288,39.3
39-26,39,26,Recta,39.3,39.312
39-27,39,27,Recta,39.312,39.324
39-28,39,28,Recta,39.324,39.336
39-29,39,29,Recta,39.336,39.348
39-30,39,30,Recta,39.348,39.36
39-31,39,31,Recta,39.36,39.372
39-32,39,32,Recta,39.372,39.384
39-33,39,33,Recta,39.384,39.396
39-34,39,34,Recta,39.396,39.408
39-35,39,35,Recta,39.408,39.42
39-36,39,36,Recta,39.42,39.432
39-37,39,37,Recta,39.432,39.444
39-38,39,38,Recta,39.444,39.456
39-39,39,39,Recta,39.456,39.468
39-40,39,40,Recta,39.468,39.48
39-41,39,41,Recta,39.48,39.492
39-42,39,42,Recta,39.492,39.504
39-43,39,43,Recta,39.504,39.516
39-44,39,44,Recta,39.516,39.528
39-45,39,45,Recta,39.528,39.54
39-46,39,46,Recta,39.54,39.552
39-47,39,47,Recta,39.552,39.564
39-48,39,48,Recta,39.564,39.576
39-49,39,49,Recta,39.576,39.588
39-50,39,50,Recta,39.588,39.6
39-51,39,51,Recta,39.6,39.612
39-52,39,52,Recta,39.612,39.624
39-53,39,53,Recta,39.624,39.636
39-54,39,54,Recta,39.636,39.648
39-55,39,55,Recta,39.648,39.66
39-56,39,56,Recta,39.66,39.672
39-57,39,57,Recta,39.672,39.684
39-58,39,58,Recta,39.684,39.696
39-59,39,59,Recta,39.696,39.708
39-60,39,60,Recta,39.708,39.72
39-61,39,61,Recta,39.72,39.732
39-62,39,62,Recta,39.732,39.744
39-63,39,63,Recta,39.744,39.756
39-64,39,64,Recta,39.756,39.768
39-65,39,65,Recta,39.768,39.78
39-66,39,66,Recta,39.78,39.792
39-67,39,67,Recta,39.792,39.804
39-68,39,68,Recta,39.804,39.816
39-69,39,69,Recta,39.816,39.828
39-70,39,70,Recta,39.828,39.84
39-71,39,71,Recta,39.84,39.852
39-72,39,72,Recta,39.852,39.864
39-73,39,73,Recta,39.864,39.876
39-74,39,74,Recta,39.876,39.888
39-75,39,75,Recta,39.888,39.9
39-76,39,76,Recta,39.9,39.912
39-77,39,77,Recta,39.912,39.924
39-78,39,78,Recta,39.924,39.936
39-79,39,79,Recta,39.936,39.948
39-80,39,80,Recta,39.948,39.96
39-81,39,81,Recta,39.96,39.972
39-82,39,82,Recta,39.972,39.984
39-83,39,83,Recta,39.984,39.996
39-84,39,84,Recta,39.996,40.008
40-1,40,1,Recta,40.0,40.012
40-2,40,2,Recta,40.012,40.024
40-3,40,3,Recta,40.024,40.036
40-4,40,4,Recta,40.036,40.048
40-5,40,5,Recta,40.048,40.06
40-6,40,6,Recta,40.06,40.072
40-7,40,7,Recta,40.072,40.084
40-8,40,8,Recta,40.084,40.096
40-9,40,9,Recta,40.096,40.108
40-10,40,10,Recta,40.108,40.12
40-11,40,11,Recta,40.12,40.132
40-12,40,12,Recta,40.132,40.144
40-13,40,13,Recta,40.144,40.156
40-14,40,14,Principio Curva > 1000,40.156,40.168
40-15,40,15,Curva > 1000,40.168,40.18
40-16,40,16,Curva > 1000,40.18,40.192
40-17,40,17,Curva > 1000,40.192,40.204
40-18,40,18,Curva > 1000,40.204,40.216
40-19,40,19,Curva > 1000,40.216,40.228
40-20,40,20,Curva > 1000,40.228,40.24
40-21,40,21,Curva > 1000,40.24,40.252
40-22,40,22,Curva > 1000,40.252,40.264
40-23,40,23,Curva > 1000,40.264,40.276
40-24,40,24,Curva > 1000,40.276,40.288
40-25,40,25,Curva > 1000,40.288,40.3
40-26,40,26,Curva > 1000,40.3,40.312
40-27,40,27,Curva > 1000,40.312,40.324
40-28,40,28,Curva > 1000,40.324,40.336
40-29,40,29,Curva > 1000,40.336,40.348
40-30,40,30,Curva > 1000,40.348,40.36
40-31,40,31,Curva > 1000,40.36,40.372
40-32,40,32,Curva > 1000,40.372,40.384
40-33,40,33,Curva > 1000,40.384,40.396
40-34,40,34,Curva > 1000,40.396,40.408
40-35,40,35,Curva > 1000,40.408,40.42
40-36,40,36,Curva > 1000,40.42,40.432
40-37,40,37,Curva > 1000,40.432,40.444
40-38,40,38,Curva > 1000,40.444,40.456
40-39,40,39,Curva > 1000,40.456,40.468
40-40,40,40,Curva > 1000,40.468,40.48
40-41,40,41,Curva > 1000,40.48,40.492
40-42,40,42,Curva > 1000,40.492,40.504
40-43,40,43,Curva > 1000,40.504,40.516
40-44,40,44,Curva > 1000,40.516,40.528
40-45,40,45,Curva > 1000,40.528,40.54
40-46,40,46,Curva > 1000,40.54,40.552
40-47,40,47,Fin Curva Circular > 1000,40.552,40.564
40-48,40,48,Curva > 1000,40.564,40.576
40-49,40,49,Curva > 1000,40.576,40.588
40-50,40,50,Curva > 1000,40.588,40.6
40-51,40,51,Curva > 1000,40.6,40.612
40-52,40,52,Fin Curva > 1000,40.612,40.624
40-53,40,53,Recta,40.624,40.636
40-54,40,54,Recta,40.636,40.648
40-55,40,55,Recta,40.648,40.66
40-56,40,56,Recta,40.66,40.672
40-57,40,57,Recta,40.672,40.684
40-58,40,58,Recta,40.684,40.696
40-59,40,59,Recta,40.696,40.708
40-60,40,60,Recta,40.708,40.72
40-61,40,61,Recta,40.72,40.732
40-62,40,62,Recta,40.732,40.744
40-63,40,63,Recta,40.744,40.756
40-64,40,64,Recta,40.756,40.768
40-65,40,65,Recta,40.768,40.78
40-66,40,66,Recta,40.78,40.792
40-67,40,67,Recta,40.792,40.804
40-68,40,68,Recta,40.804,40.816
40-69,40,69,Recta,40.816,40.828
40-70,40,70,Recta,40.828,40.84
40-71,40,71,Recta,40.84,40.852
40-72,40,72,Recta,40.852,40.864
40-73,40,73,Recta,40.864,40.876
40-74,40,74,Recta,40.876,40.888
40-75,40,75,Recta,40.888,40.9
40-76,40,76,Recta,40.9,40.912
40-77,40,77,Recta,40.912,40.924
40-78,40,78,Recta,40.924,40.936
40-79,40,79,Recta,40.936,40.948
40-80,40,80,Recta,40.948,40.96
40-81,40,81,Recta,40.96,40.972
40-82,40,82,Recta,40.972,40.984
40-83,40,83,Recta,40.984,40.996
41-1,41,1,Recta,41.0,41.012
41-2,41,2,Recta,41.012,41.024
41-3,41,3,Recta,41.024,41.036
41-4,41,4,Recta,41.036,41.048
41-5,41,5,Recta,41.048,41.06
41-6,41,6,Recta,41.06,41.072
41-7,41,7,Recta,41.072,41.084
41-8,41,8,Recta,41.084,41.096
41-9,41,9,Recta,41.096,41.108
41-10,41,10,Recta,41.108,41.12
41-11,41,11,Recta,41.12,41.132
41-12,41,12,Recta,41.132,41.144
41-13,41,13,Recta,41.144,41.156
41-14,41,14,Recta,41.156,41.168
41-15,41,15,Recta,41.168,41.18
41-16,41,16,Recta,41.18,41.192
41-17,41,17,Recta,41.192,41.204
41-18,41,18,Recta,41.204,41.216
41-19,41,19,Recta,41.216,41.228
41-20,41,20,Recta,41.228,41.24
41-21,41,21,Recta,41.24,41.252
41-22,41,22,Recta,41.252,41.264
41-23,41,23,Recta,41.264,41.276
41-24,41,24,Recta,41.276,41.288
41-25,41,25,Recta,41.288,41.3
41-26,41,26,Recta,41.3,41.312
41-27,41,27,Recta,41.312,41.324
41-28,41,28,Recta,41.324,41.336
41-29,41,29,Recta,41.336,41.348
41-30,41,30,Recta,41.348,41.36
41-31,41,31,Recta,41.36,41.372
41-32,41,32,Recta,41.372,41.384
41-33,41,33,Recta,41.384,41.396
41-34,41,34,Recta,41.396,41.408
41-35,41,35,Recta,41.408,41.42
41-36,41,36,Recta,41.42,41.432
41-37,41,37,Recta,41.432,41.444
41-38,41,38,Recta,41.444,41.456
41-39,41,39,Recta,41.456,41.468
41-40,41,40,Recta,41.468,41.48
41-41,41,41,Recta,41.48,41.492
41-42,41,42,Recta,41.492,41.504
41-43,41,43,Recta,41.504,41.516
41-44,41,44,Recta,41.516,41.528
41-45,41,45,Recta,41.528,41.54
41-46,41,46,Recta,41.54,41.552
41-47,41,47,Recta,41.552,41.564
41-48,41,48,Recta,41.564,41.576
41-49,41,49,Recta,41.576,41.588
41-50,41,50,Recta,41.588,41.6
41-51,41,51,Recta,41.6,41.612
41-52,41,52,Recta,41.612,41.624
41-53,41,53,Recta,41.624,41.636
41-54,41,54,Recta,41.636,41.648
41-55,41,55,Recta,41.648,41.66
41-56,41,56,Recta,41.66,41.672
41-57,41,57,Recta,41.672,41.684
41-58,41,58,Recta,41.684,41.696
41-59,41,59,Recta,41.696,41.708
41-60,41,60,Recta,41.708,41.72
41-61,41,61,Recta,41.72,41.732
41-62,41,62,Recta,41.732,41.744
41-63,41,63,Recta,41.744,41.756
41-64,41,64,Recta,41.756,41.768
41-65,41,65,Recta,41.768,41.78
41-66,41,66,Recta,41.78,41.792
41-67,41,67,Recta,41.792,41.804
41-68,41,68,Recta,41.804,41.816
41-69,41,69,Recta,41.816,41.828
41-70,41,70,Recta,41.828,41.84
41-71,41,71,Recta,41.84,41.852
41-72,41,72,Recta,41.852,41.864
41-73,41,73,Recta,41.864,41.876
41-74,41,74,Recta,41.876,41.888
41-75,41,75,Recta,41.888,41.9
41-76,41,76,Recta,41.9,41.912
41-77,41,77,Recta,41.912,41.924
41-78,41,78,Recta,41.924,41.936
41-79,41,79,Recta,41.936,41.948
41-80,41,80,Recta,41.948,41.96
41-81,41,81,Recta,41.96,41.972
41-82,41,82,Recta,41.972,41.984
41-83,41,83,Recta,41.984,41.996
41-84,41,84,Recta,41.996,42.008
42-1,42,1,Recta,42.0,42.012
42-2,42,2,Recta,42.012,42.024
42-3,42,3,Recta,42.024,42.036
42-4,42,4,Recta,42.036,42.048
42-5,42,5,Recta,42.048,42.06
42-6,42,6,Recta,42.06,42.072
42-7,42,7,Recta,42.072,42.084
42-8,42,8,Recta,42.084,42.096
42-9,42,9,Recta,42.096,42.108
42-10,42,10,Recta,42.108,42.12
42-11,42,11,Recta,42.12,42.132
42-12,42,12,Recta,42.132,42.144
42-13,42,13,Recta,42.144,42.156
42-14,42,14,Recta,42.156,42.168
42-15,42,15,Recta,42.168,42.18
42-16,42,16,Recta,42.18,42.192
42-17,42,17,Recta,42.192,42.204
42-18,42,18,Recta,42.204,42.216
42-19,42,19,Recta,42.216,42.228
42-20,42,20,Recta,42.228,42.24
42-21,42,21,Recta,42.24,42.252
42-22,42,22,Recta,42.252,42.264
42-23,42,23,Recta,42.264,42.276
42-24,42,24,Recta,42.276,42.288
42-25,42,25,Recta,42.288,42.3
42-26,42,26,Recta,42.3,42.312
42-27,42,27,Recta,42.312,42.324
42-28,42,28,Recta,42.324,42.336
42-29,42,29,Recta,42.336,42.348
42-30,42,30,Recta,42.348,42.36
42-31,42,31,Recta,42.36,42.372
42-32,42,32,Recta,42.372,42.384
42-33,42,33,Recta,42.384,42.396
42-34,42,34,Recta,42.396,42.408
42-35,42,35,Recta,42.408,42.42
42-36,42,36,Recta,42.42,42.432
42-37,42,37,Recta,42.432,42.444
42-38,42,38,Recta,42.444,42.456
42-39,42,39,Recta,42.456,42.468
42-40,42,40,Recta,42.468,42.48
42-41,42,41,Recta,42.48,42.492
42-42,42,42,Recta,42.492,42.504
42-43,42,43,Recta,42.504,42.516
42-44,42,44,Recta,42.516,42.528
42-45,42,45,Recta,42.528,42.54
42-46,42,46,Recta,42.54,42.552
42-47,42,47,Recta,42.552,42.564
42-48,42,48,Recta,42.564,42.576
42-49,42,49,Recta,42.576,42.588
42-50,42,50,Recta,42.588,42.6
42-51,42,51,Recta,42.6,42.612
42-52,42,52,Recta,42.612,42.624
42-53,42,53,Recta,42.624,42.636
42-54,42,54,Recta,42.636,42.648
42-55,42,55,Recta,42.648,42.66
42-56,42,56,Recta,42.66,42.672
42-57,42,57,Recta,42.672,42.684
42-58,42,58,Recta,42.684,42.696
42-59,42,59,Recta,42.696,42.708
42-60,42,60,Recta,42.708,42.72
42-61,42,61,Recta,42.72,42.732
42-62,42,62,Recta,42.732,42.744
42-63,42,63,Recta,42.744,42.756
42-64,42,64,Recta,42.756,42.768
42-65,42,65,Recta,42.768,42.78
42-66,42,66,Recta,42.78,42.792
42-67,42,67,Recta,42.792,42.804
42-68,42,68,Recta,42.804,42.816
42-69,42,69,Recta,42.816,42.828
42-70,42,70,Recta,42.828,42.84
42-71,42,71,Recta,42.84,42.852
42-72,42,72,Recta,42.852,42.864
42-73,42,73,Recta,42.864,42.876
42-74,42,74,Recta,42.876,42.888
42-75,42,75,Recta,42.888,42.9
42-76,42,76,Recta,42.9,42.912
42-77,42,77,Recta,42.912,42.924
42-78,42,78,Recta,42.924,42.936
42-79,42,79,Recta,42.936,42.948
42-80,42,80,Recta,42.948,42.96
42-81,42,81,Recta,42.96,42.972
42-82,42,82,Recta,42.972,42.984
42-83,42,83,Recta,42.984,42.996
42-84,42,84,Recta,42.996,43.008
42-85,42,85,Recta,43.008,43.02
43-1,43,1,Recta,43.0,43.012
43-2,43,2,Recta,43.012,43.024
43-3,43,3,Recta,43.024,43.036
43-4,43,4,Recta,43.036,43.048
43-5,43,5,Recta,43.048,43.06
43-6,43,6,Recta,43.06,43.072
43-7,43,7,Recta,43.072,43.084
43-8,43,8,Recta,43.084,43.096
43-9,43,9,Recta,43.096,43.108
43-10,43,10,Recta,43.108,43.12
43-11,43,11,Recta,43.12,43.132
43-12,43,12,Recta,43.132,43.144
43-13,43,13,Recta,43.144,43.156
43-14,43,14,Recta,43.156,43.168
43-15,43,15,Recta,43.168,43.18
43-16,43,16,Recta,43.18,43.192
43-17,43,17,Recta,43.192,43.204
43-18,43,18,Recta,43.204,43.216
43-19,43,19,Recta,43.216,43.228
43-20,43,20,Recta,43.228,43.24
43-21,43,21,Recta,43.24,43.252
43-22,43,22,Recta,43.252,43.264
43-23,43,23,Recta,43.264,43.276
43-24,43,24,Recta,43.276,43.288
43-25,43,25,Recta,43.288,43.3
43-26,43,26,Recta,43.3,43.312
43-27,43,27,Recta,43.312,43.324
43-28,43,28,Recta,43.324,43.336
43-29,43,29,Recta,43.336,43.348
43-30,43,30,Recta,43.348,43.36
43-31,43,31,Recta,43.36,43.372
43-32,43,32,Recta,43.372,43.384
43-33,43,33,Recta,43.384,43.396
43-34,43,34,Recta,43.396,43.408
43-35,43,35,Recta,43.408,43.42
43-36,43,36,Recta,43.42,43.432
43-37,43,37,Recta,43.432,43.444
43-38,43,38,Recta,43.444,43.456
43-39,43,39,Recta,43.456,43.468
43-40,43,40,Recta,43.468,43.48
43-41,43,41,Recta,43.48,43.492
43-42,43,42,Recta,43.492,43.504
43-43,43,43,Recta,43.504,43.516
43-44,43,44,Recta,43.516,43.528
43-45,43,45,Recta,43.528,43.54
43-46,43,46,Recta,43.54,43.552
43-47,43,47,Recta,43.552,43.564
43-48,43,48,Recta,43.564,43.576
43-49,43,49,Recta,43.576,43.588
43-50,43,50,Recta,43.588,43.6
43-51,43,51,Recta,43.6,43.612
43-52,43,52,Recta,43.612,43.624
43-53,43,53,Recta,43.624,43.636
43-54,43,54,Recta,43.636,43.648
43-55,43,55,Recta,43.648,43.66
43-56,43,56,Recta,43.66,43.672
43-57,43,57,Recta,43.672,43.684
43-58,43,58,Recta,43.684,43.696
43-59,43,59,Recta,43.696,43.708
43-60,43,60,Recta,43.708,43.72
43-61,43,61,Recta,43.72,43.732
43-62,43,62,Recta,43.732,43.744
43-63,43,63,Recta,43.744,43.756
43-64,43,64,Recta,43.756,43.768
43-65,43,65,Recta,43.768,43.78
43-66,43,66,Recta,43.78,43.792
43-67,43,67,Recta,43.792,43.804
43-68,43,68,Recta,43.804,43.816
43-69,43,69,Recta,43.816,43.828
43-70,43,70,Recta,43.828,43.84
43-71,43,71,Recta,43.84,43.852
43-72,43,72,Recta,43.852,43.864
43-73,43,73,Recta,43.864,43.876
43-74,43,74,Recta,43.876,43.888
43-75,43,75,Recta,43.888,43.9
43-76,43,76,Recta,43.9,43.912
43-77,43,77,Recta,43.912,43.924
43-78,43,78,Recta,43.924,43.936
43-79,43,79,Recta,43.936,43.948
43-80,43,80,Recta,43.948,43.96
43-81,43,81,Recta,43.96,43.972
43-82,43,82,Recta,43.972,43.984
43-83,43,83,Recta,43.984,43.996
43-84,43,84,Recta,43.996,44.008
44-1,44,1,Recta,44.0,44.012
44-2,44,2,Recta,44.012,44.024
44-3,44,3,Recta,44.024,44.036
44-4,44,4,Recta,44.036,44.048
44-5,44,5,Recta,44.048,44.06
44-6,44,6,Recta,44.06,44.072
44-7,44,7,Recta,44.072,44.084
44-8,44,8,Recta,44.084,44.096
44-9,44,9,Recta,44.096,44.108
44-10,44,10,Recta,44.108,44.12
44-11,44,11,Recta,44.12,44.132
44-12,44,12,Recta,44.132,44.144
44-13,44,13,Recta,44.144,44.156
44-14,44,14,Recta,44.156,44.168
44-15,44,15,Recta,44.168,44.18
44-16,44,16,Recta,44.18,44.192
44-17,44,17,Recta,44.192,44.204
44-18,44,18,Recta,44.204,44.216
44-19,44,19,Recta,44.216,44.228
44-20,44,20,Recta,44.228,44.24
44-21,44,21,Recta,44.24,44.252
44-22,44,22,Recta,44.252,44.264
44-23,44,23,Recta,44.264,44.276
44-24,44,24,Recta,44.276,44.288
44-25,44,25,Recta,44.288,44.3
44-26,44,26,Recta,44.3,44.312
44-27,44,27,Recta,44.312,44.324
44-28,44,28,Recta,44.324,44.336
44-29,44,29,Recta,44.336,44.348
44-30,44,30,Recta,44.348,44.36
44-31,44,31,Recta,44.36,44.372
44-32,44,32,Recta,44.372,44.384
44-33,44,33,Recta,44.384,44.396
44-34,44,34,Recta,44.396,44.408
44-35,44,35,Recta,44.408,44.42
44-36,44,36,Recta,44.42,44.432
44-37,44,37,Recta,44.432,44.444
44-38,44,38,Recta,44.444,44.456
44-39,44,39,Recta,44.456,44.468
44-40,44,40,Recta,44.468,44.48
44-41,44,41,Recta,44.48,44.492
44-42,44,42,Recta,44.492,44.504
44-43,44,43,Recta,44.504,44.516
44-44,44,44,Recta,44.516,44.528
44-45,44,45,Recta,44.528,44.54
44-46,44,46,Recta,44.54,44.552
44-47,44,47,Recta,44.552,44.564
44-48,44,48,Recta,44.564,44.576
44-49,44,49,Recta,44.576,44.588
44-50,44,50,Recta,44.588,44.6
44-51,44,51,Recta,44.6,44.612
44-52,44,52,Recta,44.612,44.624
44-53,44,53,Recta,44.624,44.636
44-54,44,54,Recta,44.636,44.648
44-55,44,55,Recta,44.648,44.66
44-56,44,56,Recta,44.66,44.672
44-57,44,57,Recta,44.672,44.684
44-58,44,58,Recta,44.684,44.696
44-59,44,59,Recta,44.696,44.708
44-60,44,60,Recta,44.708,44.72
44-61,44,61,Recta,44.72,44.732
44-62,44,62,Recta,44.732,44.744
44-63,44,63,Recta,44.744,44.756
44-64,44,64,Recta,44.756,44.768
44-65,44,65,Recta,44.768,44.78
44-66,44,66,Recta,44.78,44.792
44-67,44,67,Recta,44.792,44.804
44-68,44,68,Recta,44.804,44.816
44-69,44,69,Recta,44.816,44.828
44-70,44,70,Recta,44.828,44.84
44-71,44,71,Recta,44.84,44.852
44-72,44,72,Recta,44.852,44.864
44-73,44,73,Recta,44.864,44.876
44-74,44,74,Recta,44.876,44.888
44-75,44,75,Recta,44.888,44.9
44-76,44,76,Recta,44.9,44.912
44-77,44,77,Recta,44.912,44.924
44-78,44,78,Recta,44.924,44.936
44-79,44,79,Recta,44.936,44.948
44-80,44,80,Recta,44.948,44.96
44-81,44,81,Recta,44.96,44.972
44-82,44,82,Recta,44.972,44.984
45-1,45,1,Recta,45.0,45.012
45-2,45,2,Recta,45.012,45.024
45-3,45,3,Recta,45.024,45.036
45-4,45,4,Recta,45.036,45.048
45-5,45,5,Recta,45.048,45.06
45-6,45,6,Recta,45.06,45.072
45-7,45,7,Recta,45.072,45.084
45-8,45,8,Recta,45.084,45.096
45-9,45,9,Recta,45.096,45.108
45-10,45,10,Recta,45.108,45.12
45-11,45,11,Recta,45.12,45.132
45-12,45,12,Recta,45.132,45.144
45-13,45,13,Recta,45.144,45.156
45-14,45,14,Recta,45.156,45.168
45-15,45,15,Recta,45.168,45.18
45-16,45,16,Recta,45.18,45.192
45-17,45,17,Recta,45.192,45.204
45-18,45,18,Recta,45.204,45.216
45-19,45,19,Recta,45.216,45.228
45-20,45,20,Recta,45.228,45.24
45-21,45,21,Recta,45.24,45.252
45-22,45,22,Recta,45.252,45.264
45-23,45,23,Recta,45.264,45.276
45-24,45,24,Recta,45.276,45.288
45-25,45,25,Recta,45.288,45.3
45-26,45,26,Recta,45.3,45.312
45-27,45,27,Recta,45.312,45.324
45-28,45,28,Recta,45.324,45.336
45-29,45,29,Recta,45.336,45.348
45-30,45,30,Recta,45.348,45.36
45-31,45,31,Recta,45.36,45.372
45-32,45,32,Recta,45.372,45.384
45-33,45,33,Recta,45.384,45.396
45-34,45,34,Recta,45.396,45.408
45-35,45,35,Recta,45.408,45.42
45-36,45,36,Recta,45.42,45.432
45-37,45,37,Recta,45.432,45.444
45-38,45,38,Recta,45.444,45.456
45-39,45,39,Recta,45.456,45.468
45-40,45,40,Recta,45.468,45.48
45-41,45,41,Recta,45.48,45.492
45-42,45,42,Recta,45.492,45.504
45-43,45,43,Recta,45.504,45.516
45-44,45,44,Recta,45.516,45.528
45-45,45,45,Recta,45.528,45.54
45-47,45,47,Recta,45.54,45.552
45-48,45,48,Recta,45.552,45.564
45-49,45,49,Recta,45.564,45.576
45-50,45,50,Recta,45.576,45.588
45-51,45,51,Recta,45.588,45.6
45-52,45,52,Recta,45.6,45.612
45-53,45,53,Recta,45.612,45.624
45-54,45,54,Recta,45.624,45.636
45-55,45,55,Recta,45.636,45.648
45-56,45,56,Recta,45.648,45.66
45-57,45,57,Recta,45.66,45.672
45-58,45,58,Recta,45.672,45.684
45-59,45,59,Recta,45.684,45.696
45-60,45,60,Recta,45.696,45.708
45-61,45,61,Recta,45.708,45.72
45-63,45,63,Recta,45.72,45.732
45-64,45,64,Recta,45.732,45.744
45-65,45,65,Recta,45.744,45.756
45-66,45,66,Recta,45.756,45.768
45-67,45,67,Recta,45.768,45.78
45-68,45,68,Recta,45.78,45.792
45-69,45,69,Recta,45.792,45.804
45-70,45,70,Recta,45.804,45.816
45-71,45,71,Recta,45.816,45.828
45-72,45,72,Recta,45.828,45.84
45-73,45,73,Recta,45.84,45.852
45-74,45,74,Recta,45.852,45.864
45-75,45,75,Recta,45.864,45.876
45-76,45,76,Recta,45.876,45.888
45-77,45,77,Recta,45.888,45.9
45-78,45,78,Recta,45.9,45.912
45-79,45,79,Recta,45.912,45.924
45-80,45,80,Recta,45.924,45.936
45-81,45,81,Recta,45.936,45.948
45-82,45,82,Recta,45.948,45.96
45-83,45,83,Recta,45.96,45.972
45-84,45,84,Recta,45.972,45.984
46-1,46,1,Recta,46.0,46.012
46-2,46,2,Recta,46.012,46.024
46-3,46,3,Recta,46.024,46.036
46-4,46,4,Recta,46.036,46.048
46-5,46,5,Recta,46.048,46.06
46-6,46,6,Recta,46.06,46.072
46-7,46,7,Recta,46.072,46.084
46-8,46,8,Recta,46.084,46.096
46-9,46,9,Recta,46.096,46.108
46-10,46,10,Recta,46.108,46.12
46-11,46,11,Recta,46.12,46.132
46-12,46,12,Recta,46.132,46.144
46-13,46,13,Recta,46.144,46.156
46-14,46,14,Recta,46.156,46.168
46-15,46,15,Recta,46.168,46.18
46-16,46,16,Recta,46.18,46.192
46-17,46,17,Recta,46.192,46.204
46-18,46,18,Recta,46.204,46.216
46-19,46,19,Recta,46.216,46.228
46-20,46,20,Recta,46.228,46.24
46-21,46,21,Recta,46.24,46.252
46-22,46,22,Recta,46.252,46.264
46-23,46,23,Recta,46.264,46.276
46-24,46,24,Recta,46.276,46.288
46-25,46,25,Recta,46.288,46.3
46-26,46,26,Recta,46.3,46.312
46-27,46,27,Recta,46.312,46.324
46-28,46,28,Recta,46.324,46.336
46-29,46,29,Recta,46.336,46.348
46-30,46,30,Recta,46.348,46.36
46-31,46,31,Recta,46.36,46.372
46-32,46,32,Recta,46.372,46.384
46-33,46,33,Recta,46.384,46.396
46-34,46,34,Recta,46.396,46.408
46-35,46,35,Recta,46.408,46.42
46-36,46,36,Recta,46.42,46.432
46-37,46,37,Recta,46.432,46.444
46-38,46,38,Recta,46.444,46.456
46-39,46,39,Recta,46.456,46.468
46-40,46,40,Recta,46.468,46.48
46-41,46,41,Recta,46.48,46.492
46-42,46,42,Recta,46.492,46.504
46-43,46,43,Recta,46.504,46.516
46-44,46,44,Recta,46.516,46.528
46-45,46,45,Recta,46.528,46.54
46-46,46,46,Recta,46.54,46.552
46-47,46,47,Recta,46.552,46.564
46-48,46,48,Recta,46.564,46.576
46-49,46,49,Recta,46.576,46.588
46-50,46,50,Recta,46.588,46.6
46-51,46,51,Recta,46.6,46.612
46-52,46,52,Recta,46.612,46.624
46-53,46,53,Recta,46.624,46.636
46-54,46,54,Recta,46.636,46.648
46-55,46,55,Recta,46.648,46.66
46-56,46,56,Recta,46.66,46.672
46-57,46,57,Recta,46.672,46.684
46-58,46,58,Recta,46.684,46.696
46-59,46,59,Recta,46.696,46.708
46-60,46,60,Recta,46.708,46.72
46-61,46,61,Recta,46.72,46.732
46-62,46,62,Recta,46.732,46.744
46-63,46,63,Recta,46.744,46.756
46-64,46,64,Recta,46.756,46.768
46-65,46,65,Recta,46.768,46.78
46-66,46,66,Recta,46.78,46.792
46-67,46,67,Recta,46.792,46.804
46-68,46,68,Recta,46.804,46.816
46-69,46,69,Recta,46.816,46.828
46-70,46,70,Recta,46.828,46.84
46-71,46,71,Recta,46.84,46.852
46-72,46,72,Recta,46.852,46.864
46-73,46,73,Recta,46.864,46.876
46-74,46,74,Recta,46.876,46.888
46-75,46,75,Recta,46.888,46.9
46-76,46,76,Recta,46.9,46.912
46-77,46,77,Recta,46.912,46.924
46-78,46,78,Recta,46.924,46.936
46-79,46,79,Recta,46.936,46.948
46-80,46,80,Recta,46.948,46.96
46-81,46,81,Recta,46.96,46.972
46-82,46,82,Recta,46.972,46.984
46-83,46,83,Recta,46.984,46.996
46-84,46,84,Recta,46.996,47.008
47-1,47,1,Recta,47.0,47.012
47-2,47,2,Recta,47.012,47.024
47-3,47,3,Recta,47.024,47.036
47-4,47,4,Recta,47.036,47.048
47-5,47,5,Recta,47.048,47.06
47-6,47,6,Recta,47.06,47.072
47-7,47,7,Recta,47.072,47.084
47-8,47,8,Recta,47.084,47.096
47-9,47,9,Recta,47.096,47.108
47-10,47,10,Recta,47.108,47.12
47-11,47,11,Recta,47.12,47.132
47-12,47,12,Recta,47.132,47.144
47-13,47,13,Recta,47.144,47.156
47-14,47,14,Recta,47.156,47.168
47-15,47,15,Recta,47.168,47.18
47-16,47,16,Recta,47.18,47.192
47-17,47,17,Recta,47.192,47.204
47-18,47,18,Recta,47.204,47.216
47-19,47,19,Recta,47.216,47.228
47-20,47,20,Recta,47.228,47.24
47-21,47,21,Recta,47.24,47.252
47-22,47,22,Recta,47.252,47.264
47-23,47,23,Recta,47.264,47.276
47-24,47,24,Recta,47.276,47.288
47-25,47,25,Recta,47.288,47.3
47-26,47,26,Recta,47.3,47.312
47-27,47,27,Recta,47.312,47.324
47-28,47,28,Recta,47.324,47.336
47-29,47,29,Recta,47.336,47.348
47-30,47,30,Recta,47.348,47.36
47-31,47,31,Recta,47.36,47.372
47-32,47,32,Recta,47.372,47.384
47-33,47,33,Recta,47.384,47.396
47-34,47,34,Recta,47.396,47.408
47-35,47,35,Recta,47.408,47.42
47-36,47,36,Recta,47.42,47.432
47-37,47,37,Recta,47.432,47.444
47-38,47,38,Recta,47.444,47.456
47-39,47,39,Recta,47.456,47.468
47-40,47,40,Recta,47.468,47.48
47-41,47,41,Recta,47.48,47.492
47-42,47,42,Recta,47.492,47.504
47-43,47,43,Recta,47.504,47.516
47-44,47,44,Recta,47.516,47.528
47-45,47,45,Recta,47.528,47.54
47-46,47,46,Recta,47.54,47.552
47-47,47,47,Recta,47.552,47.564
47-48,47,48,Recta,47.564,47.576
47-49,47,49,Recta,47.576,47.588
47-50,47,50,Recta,47.588,47.6
47-51,47,51,Recta,47.6,47.612
47-52,47,52,Recta,47.612,47.624
47-53,47,53,Recta,47.624,47.636
47-54,47,54,Recta,47.636,47.648
47-55,47,55,Recta,47.648,47.66
47-56,47,56,Recta,47.66,47.672
47-57,47,57,Recta,47.672,47.684
47-58,47,58,Recta,47.684,47.696
47-59,47,59,Recta,47.696,47.708
47-60,47,60,Recta,47.708,47.72
47-61,47,61,Recta,47.72,47.732
47-62,47,62,Recta,47.732,47.744
47-63,47,63,Recta,47.744,47.756
47-64,47,64,Recta,47.756,47.768
47-65,47,65,Recta,47.768,47.78
47-66,47,66,Recta,47.78,47.792
47-67,47,67,Recta,47.792,47.804
47-68,47,68,Recta,47.804,47.816
47-69,47,69,Recta,47.816,47.828
47-70,47,70,Recta,47.828,47.84
47-71,47,71,Recta,47.84,47.852
47-72,47,72,Recta,47.852,47.864
47-73,47,73,Recta,47.864,47.876
47-74,47,74,Recta,47.876,47.888
47-75,47,75,Recta,47.888,47.9
47-76,47,76,Recta,47.9,47.912
47-77,47,77,Recta,47.912,47.924
47-78,47,78,Recta,47.924,47.936
47-79,47,79,Recta,47.936,47.948
47-80,47,80,Recta,47.948,47.96
47-81,47,81,Recta,47.96,47.972
47-82,47,82,Recta,47.972,47.984
47-83,47,83,Recta,47.984,47.996
47-84,47,84,Recta,47.996,48.008
48-1,48,1,Recta,48.0,48.012
48-2,48,2,Recta,48.012,48.024
48-3,48,3,Recta,48.024,48.036
48-4,48,4,Recta,48.036,48.048
48-5,48,5,Recta,48.048,48.06
48-6,48,6,Recta,48.06,48.072
48-7,48,7,Recta,48.072,48.084
48-8,48,8,Recta,48.084,48.096
48-9,48,9,Recta,48.096,48.108
48-10,48,10,Recta,48.108,48.12
48-11,48,11,Recta,48.12,48.132
48-12,48,12,Recta,48.132,48.144
48-13,48,13,Recta,48.144,48.156
48-14,48,14,Recta,48.156,48.168
48-15,48,15,Recta,48.168,48.18
48-16,48,16,Recta,48.18,48.192
48-17,48,17,Recta,48.192,48.204
48-18,48,18,Recta,48.204,48.216
48-19,48,19,Recta,48.216,48.228
48-20,48,20,Recta,48.228,48.24
48-21,48,21,Recta,48.24,48.252
48-22,48,22,Recta,48.252,48.264
48-23,48,23,Recta,48.264,48.276
48-24,48,24,Recta,48.276,48.288
48-25,48,25,Recta,48.288,48.3
48-26,48,26,Recta,48.3,48.312
48-27,48,27,Recta,48.312,48.324
48-28,48,28,Recta,48.324,48.336
48-29,48,29,Recta,48.336,48.348
48-30,48,30,Recta,48.348,48.36
48-31,48,31,Recta,48.36,48.372
48-32,48,32,Recta,48.372,48.384
48-33,48,33,Recta,48.384,48.396
48-34,48,34,Recta,48.396,48.408
48-35,48,35,Recta,48.408,48.42
48-39,48,39,Recta,48.42,48.432
48-40,48,40,Recta,48.432,48.444
48-41,48,41,Recta,48.444,48.456
48-42,48,42,Recta,48.456,48.468
48-43,48,43,Recta,48.468,48.48
48-44,48,44,Recta,48.48,48.492
48-45,48,45,Recta,48.492,48.504
48-46,48,46,Principio Curva > 1000,48.504,48.516
48-47,48,47,Curva > 1000,48.516,48.528
48-48,48,48,Curva > 1000,48.528,48.54
48-49,48,49,Curva > 1000,48.54,48.552
48-50,48,50,Curva > 1000,48.552,48.564
48-51,48,51,Curva > 1000,48.564,48.576
48-52,48,52,Curva > 1000,48.576,48.588
48-53,48,53,Principio Curva Circular > 1000,48.588,48.6
48-54,48,54,Curva > 1000,48.6,48.612
48-55,48,55,Curva > 1000,48.612,48.624
48-56,48,56,Curva > 1000,48.624,48.636
48-57,48,57,Curva > 1000,48.636,48.648
48-58,48,58,Curva > 1000,48.648,48.66
48-59,48,59,Curva > 1000,48.66,48.672
48-60,48,60,Curva > 1000,48.672,48.684
48-61,48,61,Curva > 1000,48.684,48.696
48-62,48,62,Curva > 1000,48.696,48.708
48-63,48,63,Curva > 1000,48.708,48.72
48-64,48,64,Curva > 1000,48.72,48.732
48-65,48,65,Curva > 1000,48.732,48.744
48-66,48,66,Curva > 1000,48.744,48.756
48-67,48,67,Curva > 1000,48.756,48.768
48-68,48,68,Curva > 1000,48.768,48.78
48-69,48,69,Curva > 1000,48.78,48.792
48-70,48,70,Curva > 1000,48.792,48.804
48-71,48,71,Curva > 1000,48.804,48.816
48-72,48,72,Curva > 1000,48.816,48.828
48-73,48,73,Curva > 1000,48.828,48.84
48-74,48,74,Curva > 1000,48.84,48.852
48-75,48,75,Curva > 1000,48.852,48.864
48-76,48,76,Curva > 1000,48.864,48.876
48-77,48,77,Curva > 1000,48.876,48.888
48-78,48,78,Curva > 1000,48.888,48.9
48-79,48,79,Curva > 1000,48.9,48.912
48-80,48,80,Curva > 1000,48.912,48.924
48-81,48,81,Curva > 1000,48.924,48.936
48-82,48,82,Curva > 1000,48.936,48.948
48-83,48,83,Curva > 1000,48.948,48.96
48-84,48,84,Curva > 1000,48.96,48.972
49-1,49,1,Curva > 1000,49.0,49.012
49-2,49,2,Curva > 1000,49.012,49.024
49-5,49,5,Curva > 1000,49.024,49.036
49-6,49,6,Curva > 1000,49.036,49.048
49-7,49,7,Curva > 1000,49.048,49.06
49-8,49,8,Curva > 1000,49.06,49.072
49-9,49,9,Curva > 1000,49.072,49.084
49-10,49,10,Curva > 1000,49.084,49.096
49-11,49,11,Curva > 1000,49.096,49.108
49-12,49,12,Curva > 1000,49.108,49.12
49-13,49,13,Curva > 1000,49.12,49.132
49-14,49,14,Curva > 1000,49.132,49.144
49-15,49,15,Fin Curva Circular > 1000,49.144,49.156
49-16,49,16,Curva > 1000,49.156,49.168
49-17,49,17,Curva > 1000,49.168,49.18
49-18,49,18,Curva > 1000,49.18,49.192
49-19,49,19,Curva > 1000,49.192,49.204
49-20,49,20,Curva > 1000,49.204,49.216
49-21,49,21,Fin Curva > 1000,49.216,49.228
49-22,49,22,Recta,49.228,49.24
49-23,49,23,Recta,49.24,49.252
49-24,49,24,Recta,49.252,49.264
49-25,49,25,Recta,49.264,49.276
49-26,49,26,Recta,49.276,49.288
49-27,49,27,Recta,49.288,49.3
49-28,49,28,Recta,49.3,49.312
49-29,49,29,Recta,49.312,49.324
49-30,49,30,Recta,49.324,49.336
49-31,49,31,Recta,49.336,49.348
49-32,49,32,Recta,49.348,49.36
49-33,49,33,Recta,49.36,49.372
49-34,49,34,Recta,49.372,49.384
49-35,49,35,Recta,49.384,49.396
49-36,49,36,Recta,49.396,49.408
49-37,49,37,Recta,49.408,49.42
49-38,49,38,Recta,49.42,49.432
49-39,49,39,Recta,49.432,49.444
49-40,49,40,Recta,49.444,49.456
49-41,49,41,Recta,49.456,49.468
49-42,49,42,Recta,49.468,49.48
49-43,49,43,Recta,49.48,49.492
49-44,49,44,Recta,49.492,49.504
49-45,49,45,Recta,49.504,49.516
49-46,49,46,Recta,49.516,49.528
49-47,49,47,Recta,49.528,49.54
49-48,49,48,Recta,49.54,49.552
49-49,49,49,Recta,49.552,49.564
49-50,49,50,Recta,49.564,49.576
49-51,49,51,Recta,49.576,49.588
49-52,49,52,Recta,49.588,49.6
49-53,49,53,Recta,49.6,49.612
49-54,49,54,Recta,49.612,49.624
49-55,49,55,Recta,49.624,49.636
49-56,49,56,Recta,49.636,49.648
49-57,49,57,Recta,49.648,49.66
49-58,49,58,Recta,49.66,49.672
49-59,49,59,Recta,49.672,49.684
49-60,49,60,Recta,49.684,49.696
49-61,49,61,Recta,49.696,49.708
49-62,49,62,Recta,49.708,49.72
49-63,49,63,Recta,49.72,49.732
49-64,49,64,Recta,49.732,49.744
49-65,49,65,Recta,49.744,49.756
49-66,49,66,Recta,49.756,49.768
49-67,49,67,Recta,49.768,49.78
49-68,49,68,Recta,49.78,49.792
49-69,49,69,Recta,49.792,49.804
49-70,49,70,Recta,49.804,49.816
49-71,49,71,Recta,49.816,49.828
49-72,49,72,Recta,49.828,49.84
49-73,49,73,Recta,49.84,49.852
49-74,49,74,Recta,49.852,49.864
49-75,49,75,Recta,49.864,49.876
49-76,49,76,Recta,49.876,49.888
49-77,49,77,Recta,49.888,49.9
49-78,49,78,Recta,49.9,49.912
49-79,49,79,Recta,49.912,49.924
49-80,49,80,Recta,49.924,49.936
49-81,49,81,Recta,49.936,49.948
49-82,49,82,Recta,49.948,49.96
49-83,49,83,Recta,49.96,49.972
49-84,49,84,Recta,49.972,49.984
50-1,50,1,Recta,50.0,50.012
50-2,50,2,Recta,50.012,50.024
50-3,50,3,Recta,50.024,50.036
50-4,50,4,Recta,50.036,50.048
50-5,50,5,Recta,50.048,50.06
50-6,50,6,Recta,50.06,50.072
50-7,50,7,Recta,50.072,50.084
50-8,50,8,Recta,50.084,50.096
50-9,50,9,Recta,50.096,50.108
50-10,50,10,Recta,50.108,50.12
50-11,50,11,Recta,50.12,50.132
50-12,50,12,Recta,50.132,50.144
50-13,50,13,Recta,50.144,50.156
50-14,50,14,Recta,50.156,50.168
50-15,50,15,Recta,50.168,50.18
50-16,50,16,Recta,50.18,50.192
50-17,50,17,Recta,50.192,50.204
50-18,50,18,Recta,50.204,50.216
50-19,50,19,Recta,50.216,50.228
50-20,50,20,Recta,50.228,50.24
50-21,50,21,Recta,50.24,50.252
50-22,50,22,Recta,50.252,50.264
50-23,50,23,Recta,50.264,50.276
50-24,50,24,Recta,50.276,50.288
50-25,50,25,Recta,50.288,50.3
50-26,50,26,Recta,50.3,50.312
50-27,50,27,Recta,50.312,50.324
50-28,50,28,Recta,50.324,50.336
50-29,50,29,Recta,50.336,50.348
50-30,50,30,Recta,50.348,50.36
50-31,50,31,Recta,50.36,50.372
50-32,50,32,Recta,50.372,50.384
50-33,50,33,Recta,50.384,50.396
50-34,50,34,Recta,50.396,50.408
50-35,50,35,Recta,50.408,50.42
50-36,50,36,Recta,50.42,50.432
50-37,50,37,Recta,50.432,50.444
50-38,50,38,Recta,50.444,50.456
50-39,50,39,Recta,50.456,50.468
50-40,50,40,Recta,50.468,50.48
50-41,50,41,Recta,50.48,50.492
50-42,50,42,Recta,50.492,50.504
50-43,50,43,Recta,50.504,50.516
50-44,50,44,Recta,50.516,50.528
50-45,50,45,Recta,50.528,50.54
50-46,50,46,Recta,50.54,50.552
50-47,50,47,Recta,50.552,50.564
50-48,50,48,Recta,50.564,50.576
50-49,50,49,Recta,50.576,50.588
50-50,50,50,Recta,50.588,50.6
50-51,50,51,Recta,50.6,50.612
50-52,50,52,Recta,50.612,50.624
50-53,50,53,Recta,50.624,50.636
50-54,50,54,Recta,50.636,50.648
50-55,50,55,Recta,50.648,50.66
50-56,50,56,Recta,50.66,50.672
50-57,50,57,Recta,50.672,50.684
50-58,50,58,Recta,50.684,50.696
50-59,50,59,Recta,50.696,50.708
50-60,50,60,Recta,50.708,50.72
50-61,50,61,Recta,50.72,50.732
50-62,50,62,Recta,50.732,50.744
50-63,50,63,Recta,50.744,50.756
50-64,50,64,Recta,50.756,50.768
50-65,50,65,Recta,50.768,50.78
50-66,50,66,Recta,50.78,50.792
50-67,50,67,Recta,50.792,50.804
50-68,50,68,Recta,50.804,50.816
50-69,50,69,Recta,50.816,50.828
50-70,50,70,Recta,50.828,50.84
50-71,50,71,Recta,50.84,50.852
50-72,50,72,Recta,50.852,50.864
50-73,50,73,Recta,50.864,50.876
50-74,50,74,Recta,50.876,50.888
50-75,50,75,Recta,50.888,50.9
50-76,50,76,Recta,50.9,50.912
50-77,50,77,Recta,50.912,50.924
50-78,50,78,Recta,50.924,50.936
50-79,50,79,Recta,50.936,50.948
50-80,50,80,Recta,50.948,50.96
50-81,50,81,Recta,50.96,50.972
50-82,50,82,Recta,50.972,50.984
50-83,50,83,Recta,50.984,50.996
50-84,50,84,Recta,50.996,51.008
51-1,51,1,Recta,51.0,51.012
51-2,51,2,Recta,51.012,51.024
51-3,51,3,Recta,51.024,51.036
51-4,51,4,Recta,51.036,51.048
51-5,51,5,Recta,51.048,51.06
51-6,51,6,Recta,51.06,51.072
51-7,51,7,Recta,51.072,51.084
51-8,51,8,Recta,51.084,51.096
51-9,51,9,Recta,51.096,51.108
51-10,51,10,Recta,51.108,51.12
51-11,51,11,Recta,51.12,51.132
51-12,51,12,Recta,51.132,51.144
51-13,51,13,Recta,51.144,51.156
51-14,51,14,Recta,51.156,51.168
51-15,51,15,Recta,51.168,51.18
51-16,51,16,Recta,51.18,51.192
51-17,51,17,Recta,51.192,51.204
51-18,51,18,Recta,51.204,51.216
51-19,51,19,Recta,51.216,51.228
51-20,51,20,Recta,51.228,51.24
51-21,51,21,Recta,51.24,51.252
51-22,51,22,Recta,51.252,51.264
51-23,51,23,Recta,51.264,51.276
51-24,51,24,Recta,51.276,51.288
51-25,51,25,Recta,51.288,51.3
51-26,51,26,Recta,51.3,51.312
51-27,51,27,Recta,51.312,51.324
51-28,51,28,Recta,51.324,51.336
51-29,51,29,Recta,51.336,51.348
51-30,51,30,Recta,51.348,51.36
51-31,51,31,Recta,51.36,51.372
51-32,51,32,Recta,51.372,51.384
51-33,51,33,Recta,51.384,51.396
51-34,51,34,Recta,51.396,51.408
51-35,51,35,Recta,51.408,51.42
51-36,51,36,Recta,51.42,51.432
51-37,51,37,Recta,51.432,51.444
51-38,51,38,Recta,51.444,51.456
51-39,51,39,Recta,51.456,51.468
51-40,51,40,Recta,51.468,51.48
51-41,51,41,Recta,51.48,51.492
51-42,51,42,Recta,51.492,51.504
51-43,51,43,Recta,51.504,51.516
51-44,51,44,Recta,51.516,51.528
51-45,51,45,Recta,51.528,51.54
51-46,51,46,Recta,51.54,51.552
51-47,51,47,Recta,51.552,51.564
51-48,51,48,Recta,51.564,51.576
51-49,51,49,Recta,51.576,51.588
51-50,51,50,Recta,51.588,51.6
51-51,51,51,Recta,51.6,51.612
51-52,51,52,Recta,51.612,51.624
51-53,51,53,Recta,51.624,51.636
51-54,51,54,Recta,51.636,51.648
51-55,51,55,Recta,51.648,51.66
51-56,51,56,Recta,51.66,51.672
51-57,51,57,Recta,51.672,51.684
51-58,51,58,Recta,51.684,51.696
51-59,51,59,Recta,51.696,51.708
51-60,51,60,Recta,51.708,51.72
51-61,51,61,Recta,51.72,51.732
51-62,51,62,Recta,51.732,51.744
51-63,51,63,Recta,51.744,51.756
51-64,51,64,Recta,51.756,51.768
51-65,51,65,Recta,51.768,51.78
51-66,51,66,Recta,51.78,51.792
51-67,51,67,Recta,51.792,51.804
51-68,51,68,Recta,51.804,51.816
51-69,51,69,Recta,51.816,51.828
51-70,51,70,Recta,51.828,51.84
51-71,51,71,Recta,51.84,51.852
51-72,51,72,Recta,51.852,51.864
51-73,51,73,Recta,51.864,51.876
51-74,51,74,Recta,51.876,51.888
51-75,51,75,Recta,51.888,51.9
51-76,51,76,Recta,51.9,51.912
51-77,51,77,Recta,51.912,51.924
51-78,51,78,Recta,51.924,51.936
51-79,51,79,Recta,51.936,51.948
51-80,51,80,Recta,51.948,51.96
51-81,51,81,Recta,51.96,51.972
51-82,51,82,Recta,51.972,51.984
51-83,51,83,Recta,51.984,51.996
51-84,51,84,Recta,51.996,52.008
52-1,52,1,Recta,52.0,52.012
52-2,52,2,Recta,52.012,52.024
52-3,52,3,Recta,52.024,52.036
52-4,52,4,Recta,52.036,52.048
52-5,52,5,Recta,52.048,52.06
52-6,52,6,Recta,52.06,52.072
52-7,52,7,Recta,52.072,52.084
52-8,52,8,Recta,52.084,52.096
52-9,52,9,Recta,52.096,52.108
52-10,52,10,Recta,52.108,52.12
52-11,52,11,Recta,52.12,52.132
52-12,52,12,Recta,52.132,52.144
52-13,52,13,Recta,52.144,52.156
52-14,52,14,Recta,52.156,52.168
52-15,52,15,Recta,52.168,52.18
52-16,52,16,Recta,52.18,52.192
52-17,52,17,Principio Curva < 1000,52.192,52.204
52-18,52,18,Curva < 1000,52.204,52.216
52-19,52,19,Curva < 1000,52.216,52.228
52-20,52,20,Curva < 1000,52.228,52.24
52-21,52,21,Principio Curva Circular < 1000,52.24,52.252
52-22,52,22,Curva < 1000,52.252,52.264
52-23,52,23,Curva < 1000,52.264,52.276
52-24,52,24,Curva < 1000,52.276,52.288
52-25,52,25,Curva < 1000,52.288,52.3
52-26,52,26,Curva < 1000,52.3,52.312
52-27,52,27,Curva < 1000,52.312,52.324
52-28,52,28,Curva < 1000,52.324,52.336
52-29,52,29,Fin Curva Circular < 1000,52.336,52.348
52-30,52,30,Curva < 1000,52.348,52.36
52-31,52,31,Curva < 1000,52.36,52.372
52-32,52,32,Curva < 1000,52.372,52.384
52-33,52,33,Curva < 1000,52.384,52.396
52-34,52,34,Curva < 1000,52.396,52.408
52-35,52,35,Fin Curva < 1000,52.408,52.42
52-36,52,36,Recta,52.42,52.432
52-37,52,37,Recta,52.432,52.444
52-38,52,38,Recta,52.444,52.456
52-39,52,39,Recta,52.456,52.468
52-40,52,40,Recta,52.468,52.48
52-41,52,41,Recta,52.48,52.492
52-42,52,42,Recta,52.492,52.504
52-43,52,43,Recta,52.504,52.516
52-44,52,44,Recta,52.516,52.528
52-45,52,45,Recta,52.528,52.54
52-46,52,46,Recta,52.54,52.552
52-47,52,47,Recta,52.552,52.564
52-48,52,48,Recta,52.564,52.576
52-49,52,49,Recta,52.576,52.588
52-50,52,50,Recta,52.588,52.6
52-51,52,51,Recta,52.6,52.612
52-52,52,52,Recta,52.612,52.624
52-53,52,53,Recta,52.624,52.636
52-54,52,54,Recta,52.636,52.648
52-55,52,55,Recta,52.648,52.66
52-56,52,56,Recta,52.66,52.672
52-57,52,57,Recta,52.672,52.684
52-58,52,58,Recta,52.684,52.696
52-59,52,59,Recta,52.696,52.708
52-60,52,60,Recta,52.708,52.72
52-61,52,61,Recta,52.72,52.732
52-62,52,62,Recta,52.732,52.744
52-63,52,63,Recta,52.744,52.756
52-64,52,64,Recta,52.756,52.768
52-65,52,65,Recta,52.768,52.78
52-66,52,66,Recta,52.78,52.792
52-67,52,67,Recta,52.792,52.804
52-68,52,68,Recta,52.804,52.816
52-69,52,69,Recta,52.816,52.828
52-70,52,70,Recta,52.828,52.84
52-71,52,71,Recta,52.84,52.852
52-72,52,72,Recta,52.852,52.864
52-73,52,73,Recta,52.864,52.876
52-74,52,74,Recta,52.876,52.888
52-75,52,75,Recta,52.888,52.9
52-76,52,76,Recta,52.9,52.912
52-77,52,77,Recta,52.912,52.924
52-78,52,78,Recta,52.924,52.936
52-79,52,79,Recta,52.936,52.948
52-80,52,80,Recta,52.948,52.96
52-81,52,81,Recta,52.96,52.972
52-82,52,82,Recta,52.972,52.984
52-83,52,83,Recta,52.984,52.996
52-84,52,84,Recta,52.996,53.008
52-85,52,85,Recta,53.008,53.02
52-86,52,86,Recta,53.02,53.032
53-1,53,1,Recta,53.0,53.012
53-2,53,2,Recta,53.012,53.024
53-3,53,3,Recta,53.024,53.036
53-4,53,4,Recta,53.036,53.048
53-5,53,5,Recta,53.048,53.06
53-6,53,6,Recta,53.06,53.072
53-7,53,7,Recta,53.072,53.084
53-8,53,8,Recta,53.084,53.096
53-9,53,9,Recta,53.096,53.108
53-10,53,10,Recta,53.108,53.12
53-11,53,11,Recta,53.12,53.132
53-12,53,12,Recta,53.132,53.144
53-13,53,13,Recta,53.144,53.156
53-14,53,14,Recta,53.156,53.168
53-15,53,15,Recta,53.168,53.18
53-16,53,16,Recta,53.18,53.192
53-17,53,17,Recta,53.192,53.204
53-18,53,18,Recta,53.204,53.216
53-19,53,19,Recta,53.216,53.228
53-20,53,20,Recta,53.228,53.24
53-21,53,21,Recta,53.24,53.252
53-22,53,22,Recta,53.252,53.264
53-23,53,23,Recta,53.264,53.276
53-24,53,24,Recta,53.276,53.288
53-25,53,25,Recta,53.288,53.3
53-26,53,26,Recta,53.3,53.312
53-27,53,27,Recta,53.312,53.324
53-28,53,28,Recta,53.324,53.336
53-29,53,29,Recta,53.336,53.348
53-30,53,30,Recta,53.348,53.36
53-31,53,31,Recta,53.36,53.372
53-32,53,32,Recta,53.372,53.384
53-33,53,33,Recta,53.384,53.396
53-34,53,34,Recta,53.396,53.408
53-35,53,35,Recta,53.408,53.42
53-36,53,36,Recta,53.42,53.432
53-37,53,37,Recta,53.432,53.444
53-38,53,38,Recta,53.444,53.456
53-39,53,39,Recta,53.456,53.468
53-40,53,40,Recta,53.468,53.48
53-41,53,41,Recta,53.48,53.492
53-42,53,42,Recta,53.492,53.504
53-43,53,43,Recta,53.504,53.516
53-44,53,44,Recta,53.516,53.528
53-45,53,45,Recta,53.528,53.54
53-46,53,46,Recta,53.54,53.552
53-47,53,47,Recta,53.552,53.564
53-48,53,48,Recta,53.564,53.576
53-49,53,49,Recta,53.576,53.588
53-50,53,50,Recta,53.588,53.6
53-51,53,51,Recta,53.6,53.612
53-52,53,52,Recta,53.612,53.624
53-53,53,53,Recta,53.624,53.636
53-54,53,54,Recta,53.636,53.648
53-55,53,55,Recta,53.648,53.66
53-56,53,56,Recta,53.66,53.672
53-57,53,57,Recta,53.672,53.684
53-58,53,58,Recta,53.684,53.696
53-59,53,59,Recta,53.696,53.708
53-60,53,60,Recta,53.708,53.72
53-61,53,61,Recta,53.72,53.732
53-62,53,62,Recta,53.732,53.744
53-63,53,63,Recta,53.744,53.756
53-64,53,64,Recta,53.756,53.768
53-65,53,65,Recta,53.768,53.78
53-66,53,66,Recta,53.78,53.792
53-67,53,67,Recta,53.792,53.804
53-68,53,68,Recta,53.804,53.816
53-69,53,69,Recta,53.816,53.828
53-70,53,70,Recta,53.828,53.84
53-71,53,71,Recta,53.84,53.852
53-72,53,72,Recta,53.852,53.864
53-73,53,73,Recta,53.864,53.876
53-74,53,74,Recta,53.876,53.888
53-75,53,75,Recta,53.888,53.9
53-76,53,76,Recta,53.9,53.912
53-77,53,77,Recta,53.912,53.924
53-78,53,78,Recta,53.924,53.936
53-79,53,79,Recta,53.936,53.948
53-80,53,80,Recta,53.948,53.96
53-81,53,81,Recta,53.96,53.972
53-82,53,82,Recta,53.972,53.984
53-83,53,83,Recta,53.984,53.996
53-84,53,84,Recta,53.996,54.008
54-1,54,1,Recta,54.0,54.012
54-2,54,2,Recta,54.012,54.024
54-3,54,3,Recta,54.024,54.036
54-4,54,4,Recta,54.036,54.048
54-5,54,5,Recta,54.048,54.06
54-6,54,6,Recta,54.06,54.072
54-7,54,7,Recta,54.072,54.084
54-8,54,8,Recta,54.084,54.096
54-9,54,9,Recta,54.096,54.108
54-10,54,10,Recta,54.108,54.12
54-11,54,11,Recta,54.12,54.132
54-12,54,12,Recta,54.132,54.144
54-13,54,13,Recta,54.144,54.156
54-14,54,14,Recta,54.156,54.168
54-15,54,15,Recta,54.168,54.18
54-16,54,16,Recta,54.18,54.192
54-17,54,17,Recta,54.192,54.204
54-18,54,18,Recta,54.204,54.216
54-19,54,19,Recta,54.216,54.228
54-20,54,20,Recta,54.228,54.24
54-21,54,21,Recta,54.24,54.252
54-22,54,22,Recta,54.252,54.264
54-23,54,23,Recta,54.264,54.276
54-24,54,24,Recta,54.276,54.288
54-25,54,25,Recta,54.288,54.3
54-26,54,26,Recta,54.3,54.312
54-27,54,27,Recta,54.312,54.324
54-28,54,28,Recta,54.324,54.336
54-29,54,29,Recta,54.336,54.348
54-30,54,30,Recta,54.348,54.36
54-31,54,31,Recta,54.36,54.372
54-32,54,32,Recta,54.372,54.384
54-33,54,33,Recta,54.384,54.396
54-34,54,34,Recta,54.396,54.408
54-35,54,35,Recta,54.408,54.42
54-36,54,36,Recta,54.42,54.432
54-37,54,37,Recta,54.432,54.444
54-38,54,38,Recta,54.444,54.456
54-39,54,39,Recta,54.456,54.468
54-40,54,40,Recta,54.468,54.48
54-41,54,41,Recta,54.48,54.492
54-42,54,42,Recta,54.492,54.504
54-43,54,43,Recta,54.504,54.516
54-44,54,44,Recta,54.516,54.528
54-45,54,45,Recta,54.528,54.54
54-46,54,46,Recta,54.54,54.552
54-47,54,47,Recta,54.552,54.564
54-48,54,48,Recta,54.564,54.576
54-49,54,49,Recta,54.576,54.588
54-50,54,50,Recta,54.588,54.6
54-51,54,51,Recta,54.6,54.612
54-52,54,52,Recta,54.612,54.624
54-53,54,53,Recta,54.624,54.636
54-54,54,54,Recta,54.636,54.648
54-55,54,55,Recta,54.648,54.66
54-56,54,56,Recta,54.66,54.672
54-57,54,57,Recta,54.672,54.684
54-58,54,58,Recta,54.684,54.696
54-59,54,59,Recta,54.696,54.708
54-60,54,60,Recta,54.708,54.72
54-61,54,61,Recta,54.72,54.732
54-62,54,62,Recta,54.732,54.744
54-63,54,63,Recta,54.744,54.756
54-64,54,64,Recta,54.756,54.768
54-65,54,65,Recta,54.768,54.78
54-66,54,66,Recta,54.78,54.792
54-67,54,67,Recta,54.792,54.804
54-68,54,68,Recta,54.804,54.816
54-69,54,69,Recta,54.816,54.828
54-70,54,70,Recta,54.828,54.84
54-71,54,71,Recta,54.84,54.852
54-72,54,72,Recta,54.852,54.864
54-73,54,73,Recta,54.864,54.876
54-74,54,74,Recta,54.876,54.888
54-75,54,75,Recta,54.888,54.9
54-76,54,76,Recta,54.9,54.912
54-77,54,77,Recta,54.912,54.924
54-78,54,78,Recta,54.924,54.936
54-79,54,79,Recta,54.936,54.948
54-80,54,80,Recta,54.948,54.96
54-81,54,81,Recta,54.96,54.972
54-82,54,82,Recta,54.972,54.984
55-1,55,1,Recta,55.0,55.012
55-2,55,2,Recta,55.012,55.024
55-3,55,3,Recta,55.024,55.036
55-4,55,4,Recta,55.036,55.048
55-5,55,5,Recta,55.048,55.06
55-6,55,6,Recta,55.06,55.072
55-7,55,7,Recta,55.072,55.084
55-8,55,8,Recta,55.084,55.096
55-9,55,9,Recta,55.096,55.108
55-10,55,10,Recta,55.108,55.12
55-11,55,11,Recta,55.12,55.132
55-12,55,12,Recta,55.132,55.144
55-13,55,13,Recta,55.144,55.156
55-14,55,14,Recta,55.156,55.168
55-15,55,15,Recta,55.168,55.18
55-16,55,16,Recta,55.18,55.192
55-17,55,17,Recta,55.192,55.204
55-18,55,18,Recta,55.204,55.216
55-19,55,19,Recta,55.216,55.228
55-20,55,20,Recta,55.228,55.24
55-21,55,21,Recta,55.24,55.252
55-22,55,22,Recta,55.252,55.264
55-23,55,23,Recta,55.264,55.276
55-24,55,24,Recta,55.276,55.288
55-25,55,25,Recta,55.288,55.3
55-26,55,26,Recta,55.3,55.312
55-27,55,27,Recta,55.312,55.324
55-28,55,28,Recta,55.324,55.336
55-29,55,29,Recta,55.336,55.348
55-30,55,30,Recta,55.348,55.36
55-31,55,31,Recta,55.36,55.372
55-32,55,32,Recta,55.372,55.384
55-33,55,33,Recta,55.384,55.396
55-34,55,34,Recta,55.396,55.408
55-35,55,35,Recta,55.408,55.42
55-36,55,36,Recta,55.42,55.432
55-37,55,37,Recta,55.432,55.444
55-38,55,38,Recta,55.444,55.456
55-39,55,39,Recta,55.456,55.468
55-40,55,40,Recta,55.468,55.48
55-41,55,41,Recta,55.48,55.492
55-42,55,42,Recta,55.492,55.504
55-43,55,43,Recta,55.504,55.516
55-44,55,44,Recta,55.516,55.528
55-45,55,45,Recta,55.528,55.54
55-46,55,46,Recta,55.54,55.552
55-47,55,47,Recta,55.552,55.564
55-48,55,48,Recta,55.564,55.576
55-49,55,49,Recta,55.576,55.588
55-50,55,50,Recta,55.588,55.6
55-51,55,51,Recta,55.6,55.612
55-52,55,52,Recta,55.612,55.624
55-53,55,53,Recta,55.624,55.636
55-54,55,54,Recta,55.636,55.648
55-55,55,55,Recta,55.648,55.66
55-56,55,56,Recta,55.66,55.672
55-57,55,57,Recta,55.672,55.684
55-58,55,58,Recta,55.684,55.696
55-59,55,59,Recta,55.696,55.708
55-60,55,60,Recta,55.708,55.72
55-61,55,61,Recta,55.72,55.732
55-62,55,62,Recta,55.732,55.744
55-63,55,63,Recta,55.744,55.756
55-64,55,64,Recta,55.756,55.768
55-65,55,65,Recta,55.768,55.78
55-66,55,66,Recta,55.78,55.792
55-67,55,67,Recta,55.792,55.804
55-68,55,68,Recta,55.804,55.816
55-69,55,69,Recta,55.816,55.828
55-70,55,70,Recta,55.828,55.84
55-71,55,71,Recta,55.84,55.852
55-72,55,72,Recta,55.852,55.864
55-73,55,73,Recta,55.864,55.876
55-74,55,74,Recta,55.876,55.888
55-75,55,75,Recta,55.888,55.9
55-76,55,76,Recta,55.9,55.912
55-77,55,77,Recta,55.912,55.924
55-78,55,78,Recta,55.924,55.936
55-79,55,79,Recta,55.936,55.948
55-80,55,80,Recta,55.948,55.96
55-81,55,81,Recta,55.96,55.972
55-82,55,82,Recta,55.972,55.984
55-83,55,83,Recta,55.984,55.996
55-84,55,84,Recta,55.996,56.008
56-1,56,1,Recta,56.0,56.012
56-2,56,2,Recta,56.012,56.024
56-3,56,3,Recta,56.024,56.036
56-4,56,4,Recta,56.036,56.048
56-5,56,5,Recta,56.048,56.06
56-6,56,6,Recta,56.06,56.072
56-7,56,7,Recta,56.072,56.084
56-8,56,8,Recta,56.084,56.096
56-9,56,9,Recta,56.096,56.108
56-10,56,10,Recta,56.108,56.12
56-11,56,11,Recta,56.12,56.132
56-12,56,12,Recta,56.132,56.144
56-13,56,13,Recta,56.144,56.156
56-14,56,14,Recta,56.156,56.168
56-15,56,15,Recta,56.168,56.18
56-16,56,16,Recta,56.18,56.192
56-17,56,17,Recta,56.192,56.204
56-18,56,18,Recta,56.204,56.216
56-19,56,19,Recta,56.216,56.228
56-20,56,20,Recta,56.228,56.24
56-21,56,21,Recta,56.24,56.252
56-22,56,22,Recta,56.252,56.264
56-23,56,23,Recta,56.264,56.276
56-24,56,24,Recta,56.276,56.288
56-25,56,25,Recta,56.288,56.3
56-26,56,26,Recta,56.3,56.312
56-27,56,27,Recta,56.312,56.324
56-28,56,28,Recta,56.324,56.336
56-29,56,29,Recta,56.336,56.348
56-30,56,30,Recta,56.348,56.36
56-31,56,31,Recta,56.36,56.372
56-32,56,32,Recta,56.372,56.384
56-33,56,33,Recta,56.384,56.396
56-34,56,34,Recta,56.396,56.408
56-35,56,35,Recta,56.408,56.42
56-36,56,36,Recta,56.42,56.432
56-37,56,37,Recta,56.432,56.444
56-38,56,38,Principio Curva < 1000,56.444,56.456
56-39,56,39,Curva < 1000,56.456,56.468
56-40,56,40,Curva < 1000,56.468,56.48
56-41,56,41,Principio Curva Circular < 1000,56.48,56.492
56-42,56,42,Curva < 1000,56.492,56.504
56-43,56,43,Curva < 1000,56.504,56.516
56-44,56,44,Curva < 1000,56.516,56.528
56-45,56,45,Curva < 1000,56.528,56.54
56-46,56,46,Curva < 1000,56.54,56.552
56-47,56,47,Curva < 1000,56.552,56.564
56-48,56,48,Curva < 1000,56.564,56.576
56-49,56,49,Curva < 1000,56.576,56.588
56-50,56,50,Curva < 1000,56.588,56.6
56-51,56,51,Curva < 1000,56.6,56.612
56-52,56,52,Curva < 1000,56.612,56.624
56-53,56,53,Curva < 1000,56.624,56.636
56-54,56,54,Curva < 1000,56.636,56.648
56-55,56,55,Curva < 1000,56.648,56.66
56-56,56,56,Curva < 1000,56.66,56.672
56-57,56,57,Curva < 1000,56.672,56.684
56-58,56,58,Curva < 1000,56.684,56.696
56-59,56,59,Curva < 1000,56.696,56.708
56-60,56,60,Curva < 1000,56.708,56.72
56-61,56,61,Curva < 1000,56.72,56.732
56-62,56,62,Fin Curva Circular < 1000,56.732,56.744
56-63,56,63,Curva < 1000,56.744,56.756
56-64,56,64,Curva < 1000,56.756,56.768
56-65,56,65,Curva < 1000,56.768,56.78
56-66,56,66,Curva < 1000,56.78,56.792
56-67,56,67,Curva < 1000,56.792,56.804
56-68,56,68,Curva < 1000,56.804,56.816
56-69,56,69,Curva < 1000,56.816,56.828
56-70,56,70,Fin Curva < 1000,56.828,56.84
56-71,56,71,Recta,56.84,56.852
56-72,56,72,Recta,56.852,56.864
56-73,56,73,Recta,56.864,56.876
56-74,56,74,Recta,56.876,56.888
56-75,56,75,Recta,56.888,56.9
56-76,56,76,Recta,56.9,56.912
56-77,56,77,Recta,56.912,56.924
56-78,56,78,Recta,56.924,56.936
56-79,56,79,Recta,56.936,56.948
56-80,56,80,Recta,56.948,56.96
56-81,56,81,Recta,56.96,56.972
56-82,56,82,Recta,56.972,56.984
56-83,56,83,Recta,56.984,56.996
56-84,56,84,Recta,56.996,57.008
57-1,57,1,Recta,57.0,57.012
57-2,57,2,Recta,57.012,57.024
57-3,57,3,Recta,57.024,57.036
57-4,57,4,Recta,57.036,57.048
57-5,57,5,Recta,57.048,57.06
57-6,57,6,Recta,57.06,57.072
57-7,57,7,Recta,57.072,57.084
57-8,57,8,Recta,57.084,57.096
57-9,57,9,Recta,57.096,57.108
57-10,57,10,Recta,57.108,57.12
57-11,57,11,Recta,57.12,57.132
57-12,57,12,Recta,57.132,57.144
57-13,57,13,Recta,57.144,57.156
57-14,57,14,Recta,57.156,57.168
57-15,57,15,Recta,57.168,57.18
57-16,57,16,Recta,57.18,57.192
57-17,57,17,Recta,57.192,57.204
57-18,57,18,Recta,57.204,57.216
57-19,57,19,Recta,57.216,57.228
57-20,57,20,Recta,57.228,57.24
57-21,57,21,Recta,57.24,57.252
57-22,57,22,Recta,57.252,57.264
57-23,57,23,Recta,57.264,57.276
57-24,57,24,Recta,57.276,57.288
57-25,57,25,Recta,57.288,57.3
57-26,57,26,Recta,57.3,57.312
57-27,57,27,Recta,57.312,57.324
57-28,57,28,Recta,57.324,57.336
57-29,57,29,Recta,57.336,57.348
57-30,57,30,Recta,57.348,57.36
57-31,57,31,Recta,57.36,57.372
57-32,57,32,Recta,57.372,57.384
57-33,57,33,Recta,57.384,57.396
57-34,57,34,Recta,57.396,57.408
57-35,57,35,Recta,57.408,57.42
57-36,57,36,Recta,57.42,57.432
57-37,57,37,Recta,57.432,57.444
57-38,57,38,Recta,57.444,57.456
57-39,57,39,Recta,57.456,57.468
57-40,57,40,Recta,57.468,57.48
57-41,57,41,Recta,57.48,57.492
57-42,57,42,Recta,57.492,57.504
57-43,57,43,Recta,57.504,57.516
57-44,57,44,Recta,57.516,57.528
57-45,57,45,Recta,57.528,57.54
57-46,57,46,Recta,57.54,57.552
57-47,57,47,Recta,57.552,57.564
57-48,57,48,Recta,57.564,57.576
57-49,57,49,Recta,57.576,57.588
57-50,57,50,Recta,57.588,57.6
57-51,57,51,Recta,57.6,57.612
57-52,57,52,Recta,57.612,57.624
57-53,57,53,Recta,57.624,57.636
57-54,57,54,Recta,57.636,57.648
57-55,57,55,Recta,57.648,57.66
57-56,57,56,Recta,57.66,57.672
57-57,57,57,Recta,57.672,57.684
57-58,57,58,Recta,57.684,57.696
57-59,57,59,Recta,57.696,57.708
57-60,57,60,Recta,57.708,57.72
57-61,57,61,Recta,57.72,57.732
57-62,57,62,Recta,57.732,57.744
57-63,57,63,Recta,57.744,57.756
57-64,57,64,Recta,57.756,57.768
57-65,57,65,Recta,57.768,57.78
57-66,57,66,Recta,57.78,57.792
57-67,57,67,Recta,57.792,57.804
57-68,57,68,Recta,57.804,57.816
57-69,57,69,Recta,57.816,57.828
57-70,57,70,Recta,57.828,57.84
57-71,57,71,Recta,57.84,57.852
57-72,57,72,Recta,57.852,57.864
57-73,57,73,Recta,57.864,57.876
57-74,57,74,Recta,57.876,57.888
57-75,57,75,Recta,57.888,57.9
57-76,57,76,Recta,57.9,57.912
57-77,57,77,Recta,57.912,57.924
57-78,57,78,Recta,57.924,57.936
57-79,57,79,Recta,57.936,57.948
57-80,57,80,Recta,57.948,57.96
57-81,57,81,Recta,57.96,57.972
57-82,57,82,Recta,57.972,57.984
57-83,57,83,Recta,57.984,57.996
57-84,57,84,Recta,57.996,58.008
58-1,58,1,Recta,58.0,58.012
58-2,58,2,Recta,58.012,58.024
58-3,58,3,Recta,58.024,58.036
58-4,58,4,Recta,58.036,58.048
58-5,58,5,Recta,58.048,58.06
58-6,58,6,Recta,58.06,58.072
58-7,58,7,Recta,58.072,58.084
58-8,58,8,Recta,58.084,58.096
58-9,58,9,Recta,58.096,58.108
58-10,58,10,Recta,58.108,58.12
58-11,58,11,Recta,58.12,58.132
58-12,58,12,Recta,58.132,58.144
58-13,58,13,Recta,58.144,58.156
58-14,58,14,Recta,58.156,58.168
58-15,58,15,Recta,58.168,58.18
58-16,58,16,Recta,58.18,58.192
58-17,58,17,Recta,58.192,58.204
58-18,58,18,Recta,58.204,58.216
58-19,58,19,Recta,58.216,58.228
58-20,58,20,Recta,58.228,58.24
58-21,58,21,Recta,58.24,58.252
58-22,58,22,Recta,58.252,58.264
58-23,58,23,Recta,58.264,58.276
58-24,58,24,Recta,58.276,58.288
58-25,58,25,Recta,58.288,58.3
58-26,58,26,Recta,58.3,58.312
58-27,58,27,Recta,58.312,58.324
58-28,58,28,Recta,58.324,58.336
58-29,58,29,Recta,58.336,58.348
58-30,58,30,Recta,58.348,58.36
58-31,58,31,Recta,58.36,58.372
58-32,58,32,Recta,58.372,58.384
58-33,58,33,Recta,58.384,58.396
58-34,58,34,Recta,58.396,58.408
58-35,58,35,Recta,58.408,58.42
58-36,58,36,Recta,58.42,58.432
58-37,58,37,Recta,58.432,58.444
58-38,58,38,Recta,58.444,58.456
58-39,58,39,Recta,58.456,58.468
58-40,58,40,Recta,58.468,58.48
58-41,58,41,Recta,58.48,58.492
58-42,58,42,Recta,58.492,58.504
58-43,58,43,Recta,58.504,58.516
58-44,58,44,Recta,58.516,58.528
58-45,58,45,Recta,58.528,58.54
58-46,58,46,Recta,58.54,58.552
58-47,58,47,Recta,58.552,58.564
58-48,58,48,Recta,58.564,58.576
58-49,58,49,Recta,58.576,58.588
58-50,58,50,Recta,58.588,58.6
58-51,58,51,Recta,58.6,58.612
58-52,58,52,Recta,58.612,58.624
58-53,58,53,Recta,58.624,58.636
58-54,58,54,Recta,58.636,58.648
58-55,58,55,Recta,58.648,58.66
58-56,58,56,Recta,58.66,58.672
58-57,58,57,Recta,58.672,58.684
58-58,58,58,Recta,58.684,58.696
58-59,58,59,Recta,58.696,58.708
58-60,58,60,Recta,58.708,58.72
58-61,58,61,Recta,58.72,58.732
58-62,58,62,Recta,58.732,58.744
58-63,58,63,Recta,58.744,58.756
58-64,58,64,Recta,58.756,58.768
58-65,58,65,Recta,58.768,58.78
58-66,58,66,Recta,58.78,58.792
58-67,58,67,Recta,58.792,58.804
58-68,58,68,Recta,58.804,58.816
58-69,58,69,Recta,58.816,58.828
58-70,58,70,Recta,58.828,58.84
58-71,58,71,Recta,58.84,58.852
58-72,58,72,Recta,58.852,58.864
58-73,58,73,Recta,58.864,58.876
58-74,58,74,Recta,58.876,58.888
58-75,58,75,Recta,58.888,58.9
58-76,58,76,Recta,58.9,58.912
58-77,58,77,Recta,58.912,58.924
58-78,58,78,Recta,58.924,58.936
58-79,58,79,Recta,58.936,58.948
58-80,58,80,Recta,58.948,58.96
58-81,58,81,Recta,58.96,58.972
58-82,58,82,Recta,58.972,58.984
58-83,58,83,Recta,58.984,58.996
58-84,58,84,Recta,58.996,59.008
59-1,59,1,Recta,59.0,59.012
59-2,59,2,Recta,59.012,59.024
59-3,59,3,Recta,59.024,59.036
59-4,59,4,Recta,59.036,59.048
59-5,59,5,Recta,59.048,59.06
59-6,59,6,Recta,59.06,59.072
59-7,59,7,Recta,59.072,59.084
59-8,59,8,Recta,59.084,59.096
59-9,59,9,Recta,59.096,59.108
59-10,59,10,Recta,59.108,59.12
59-11,59,11,Recta,59.12,59.132
59-12,59,12,Recta,59.132,59.144
59-13,59,13,Recta,59.144,59.156
59-14,59,14,Recta,59.156,59.168
59-15,59,15,Recta,59.168,59.18
59-16,59,16,Recta,59.18,59.192
59-17,59,17,Recta,59.192,59.204
59-18,59,18,Recta,59.204,59.216
59-19,59,19,Recta,59.216,59.228
59-20,59,20,Recta,59.228,59.24
59-21,59,21,Recta,59.24,59.252
59-22,59,22,Recta,59.252,59.264
59-23,59,23,Recta,59.264,59.276
59-24,59,24,Recta,59.276,59.288
59-25,59,25,Recta,59.288,59.3
59-26,59,26,Recta,59.3,59.312
59-27,59,27,Recta,59.312,59.324
59-28,59,28,Recta,59.324,59.336
59-29,59,29,Recta,59.336,59.348
59-30,59,30,Recta,59.348,59.36
59-31,59,31,Recta,59.36,59.372
59-32,59,32,Recta,59.372,59.384
59-33,59,33,Recta,59.384,59.396
59-34,59,34,Recta,59.396,59.408
59-35,59,35,Recta,59.408,59.42
59-36,59,36,Recta,59.42,59.432
59-37,59,37,Recta,59.432,59.444
59-38,59,38,Recta,59.444,59.456
59-39,59,39,Recta,59.456,59.468
59-40,59,40,Recta,59.468,59.48
59-41,59,41,Recta,59.48,59.492
59-42,59,42,Recta,59.492,59.504
59-43,59,43,Recta,59.504,59.516
59-44,59,44,Recta,59.516,59.528
59-45,59,45,Recta,59.528,59.54
59-46,59,46,Recta,59.54,59.552
59-47,59,47,Recta,59.552,59.564
59-48,59,48,Recta,59.564,59.576
59-49,59,49,Recta,59.576,59.588
59-50,59,50,Recta,59.588,59.6
59-51,59,51,Recta,59.6,59.612
59-52,59,52,Recta,59.612,59.624
59-53,59,53,Recta,59.624,59.636
59-54,59,54,Recta,59.636,59.648
59-55,59,55,Recta,59.648,59.66
59-56,59,56,Recta,59.66,59.672
59-57,59,57,Recta,59.672,59.684
59-58,59,58,Recta,59.684,59.696
59-59,59,59,Recta,59.696,59.708
59-60,59,60,Recta,59.708,59.72
59-61,59,61,Recta,59.72,59.732
59-62,59,62,Recta,59.732,59.744
59-63,59,63,Recta,59.744,59.756
59-64,59,64,Recta,59.756,59.768
59-65,59,65,Recta,59.768,59.78
59-66,59,66,Recta,59.78,59.792
59-67,59,67,Recta,59.792,59.804
59-68,59,68,Recta,59.804,59.816
59-69,59,69,Recta,59.816,59.828
59-70,59,70,Recta,59.828,59.84
59-71,59,71,Recta,59.84,59.852
59-72,59,72,Recta,59.852,59.864
59-73,59,73,Recta,59.864,59.876
59-74,59,74,Recta,59.876,59.888
59-75,59,75,Recta,59.888,59.9
59-76,59,76,Recta,59.9,59.912
59-77,59,77,Recta,59.912,59.924
59-78,59,78,Recta,59.924,59.936
59-79,59,79,Recta,59.936,59.948
59-80,59,80,Recta,59.948,59.96
59-81,59,81,Recta,59.96,59.972
59-82,59,82,Recta,59.972,59.984
59-83,59,83,Recta,59.984,59.996
59-84,59,84,Recta,59.996,60.008
59-85,59,85,Recta,60.008,60.02
59-86,59,86,Recta,60.02,60.032
59-87,59,87,Recta,60.032,60.044
60-1,60,1,Recta,60.0,60.012
60-2,60,2,Recta,60.012,60.024
60-3,60,3,Recta,60.024,60.036
60-4,60,4,Recta,60.036,60.048
60-5,60,5,Recta,60.048,60.06
60-6,60,6,Recta,60.06,60.072
60-7,60,7,Recta,60.072,60.084
60-8,60,8,Principio Curva > 1000,60.084,60.096
60-9,60,9,Curva > 1000,60.096,60.108
60-10,60,10,Principio Curva Circular > 1000,60.108,60.12
60-11,60,11,Curva > 1000,60.12,60.132
60-12,60,12,Curva > 1000,60.132,60.144
60-13,60,13,Curva > 1000,60.144,60.156
60-14,60,14,Curva > 1000,60.156,60.168
60-15,60,15,Curva > 1000,60.168,60.18
60-16,60,16,Curva > 1000,60.18,60.192
60-17,60,17,Curva > 1000,60.192,60.204
60-18,60,18,Curva > 1000,60.204,60.216
60-19,60,19,Curva > 1000,60.216,60.228
60-20,60,20,Curva > 1000,60.228,60.24
60-21,60,21,Curva > 1000,60.24,60.252
60-22,60,22,Curva > 1000,60.252,60.264
60-23,60,23,Curva > 1000,60.264,60.276
60-24,60,24,Curva > 1000,60.276,60.288
60-25,60,25,Curva > 1000,60.288,60.3
60-26,60,26,Curva > 1000,60.3,60.312
60-27,60,27,Curva > 1000,60.312,60.324
60-28,60,28,Curva > 1000,60.324,60.336
60-29,60,29,Curva > 1000,60.336,60.348
60-30,60,30,Curva > 1000,60.348,60.36
60-31,60,31,Fin Curva Circular > 1000,60.36,60.372
60-32,60,32,Curva > 1000,60.372,60.384
60-33,60,33,Fin Curva > 1000,60.384,60.396
60-34,60,34,Recta,60.396,60.408
60-35,60,35,Recta,60.408,60.42
60-36,60,36,Recta,60.42,60.432
60-37,60,37,Recta,60.432,60.444
60-38,60,38,Recta,60.444,60.456
60-39,60,39,Recta,60.456,60.468
60-40,60,40,Recta,60.468,60.48
60-41,60,41,Recta,60.48,60.492
60-42,60,42,Recta,60.492,60.504
60-43,60,43,Recta,60.504,60.516
60-44,60,44,Recta,60.516,60.528
60-45,60,45,Recta,60.528,60.54
60-46,60,46,Recta,60.54,60.552
60-47,60,47,Recta,60.552,60.564
60-48,60,48,Recta,60.564,60.576
60-49,60,49,Recta,60.576,60.588
60-50,60,50,Recta,60.588,60.6
60-51,60,51,Recta,60.6,60.612
60-52,60,52,Recta,60.612,60.624
60-53,60,53,Recta,60.624,60.636
60-54,60,54,Recta,60.636,60.648
60-55,60,55,Recta,60.648,60.66
60-56,60,56,Recta,60.66,60.672
60-57,60,57,Recta,60.672,60.684
60-58,60,58,Recta,60.684,60.696
60-59,60,59,Recta,60.696,60.708
60-60,60,60,Recta,60.708,60.72
60-61,60,61,Recta,60.72,60.732
60-62,60,62,Recta,60.732,60.744
60-63,60,63,Recta,60.744,60.756
60-64,60,64,Recta,60.756,60.768
60-65,60,65,Recta,60.768,60.78
60-66,60,66,Recta,60.78,60.792
60-67,60,67,Recta,60.792,60.804
60-68,60,68,Recta,60.804,60.816
60-69,60,69,Recta,60.816,60.828
60-70,60,70,Recta,60.828,60.84
60-71,60,71,Recta,60.84,60.852
60-72,60,72,Recta,60.852,60.864
60-73,60,73,Recta,60.864,60.876
60-74,60,74,Recta,60.876,60.888
60-75,60,75,Recta,60.888,60.9
60-76,60,76,Recta,60.9,60.912
60-77,60,77,Recta,60.912,60.924
60-78,60,78,Recta,60.924,60.936
60-79,60,79,Recta,60.936,60.948
60-80,60,80,Recta,60.948,60.96
60-81,60,81,Recta,60.96,60.972
60-82,60,82,Recta,60.972,60.984
60-83,60,83,Recta,60.984,60.996
60-84,60,84,Recta,60.996,61.008
61-1,61,1,Recta,61.0,61.012
61-2,61,2,Recta,61.012,61.024
61-3,61,3,Recta,61.024,61.036
61-4,61,4,Recta,61.036,61.048
61-5,61,5,Recta,61.048,61.06
61-6,61,6,Recta,61.06,61.072
61-7,61,7,Recta,61.072,61.084
61-8,61,8,Recta,61.084,61.096
61-9,61,9,Recta,61.096,61.108
61-10,61,10,Recta,61.108,61.12
61-11,61,11,Recta,61.12,61.132
61-12,61,12,Recta,61.132,61.144
61-13,61,13,Recta,61.144,61.156
61-14,61,14,Recta,61.156,61.168
61-15,61,15,Recta,61.168,61.18
61-16,61,16,Recta,61.18,61.192
61-17,61,17,Recta,61.192,61.204
61-18,61,18,Recta,61.204,61.216
61-19,61,19,Recta,61.216,61.228
61-20,61,20,Recta,61.228,61.24
61-21,61,21,Recta,61.24,61.252
61-22,61,22,Recta,61.252,61.264
61-23,61,23,Recta,61.264,61.276
61-24,61,24,Recta,61.276,61.288
61-25,61,25,Recta,61.288,61.3
61-26,61,26,Recta,61.3,61.312
61-27,61,27,Recta,61.312,61.324
61-28,61,28,Recta,61.324,61.336
61-29,61,29,Recta,61.336,61.348
61-30,61,30,Recta,61.348,61.36
61-31,61,31,Recta,61.36,61.372
61-32,61,32,Recta,61.372,61.384
61-33,61,33,Recta,61.384,61.396
61-34,61,34,Recta,61.396,61.408
61-35,61,35,Recta,61.408,61.42
61-36,61,36,Recta,61.42,61.432
61-37,61,37,Recta,61.432,61.444
61-38,61,38,Recta,61.444,61.456
61-39,61,39,Recta,61.456,61.468
61-40,61,40,Recta,61.468,61.48
61-41,61,41,Recta,61.48,61.492
61-42,61,42,Recta,61.492,61.504
61-43,61,43,Recta,61.504,61.516
61-44,61,44,Recta,61.516,61.528
61-45,61,45,Recta,61.528,61.54
61-46,61,46,Recta,61.54,61.552
61-47,61,47,Recta,61.552,61.564
61-48,61,48,Recta,61.564,61.576
61-49,61,49,Recta,61.576,61.588
61-50,61,50,Recta,61.588,61.6
61-51,61,51,Recta,61.6,61.612
61-52,61,52,Recta,61.612,61.624
61-53,61,53,Recta,61.624,61.636
61-54,61,54,Recta,61.636,61.648
61-55,61,55,Recta,61.648,61.66
61-56,61,56,Recta,61.66,61.672
61-57,61,57,Recta,61.672,61.684
61-58,61,58,Recta,61.684,61.696
61-59,61,59,Recta,61.696,61.708
61-60,61,60,Recta,61.708,61.72
61-61,61,61,Recta,61.72,61.732
61-62,61,62,Recta,61.732,61.744
61-63,61,63,Recta,61.744,61.756
61-64,61,64,Recta,61.756,61.768
61-65,61,65,Recta,61.768,61.78
61-66,61,66,Recta,61.78,61.792
61-67,61,67,Recta,61.792,61.804
61-68,61,68,Recta,61.804,61.816
61-69,61,69,Principio Curva < 1000,61.816,61.828
61-70,61,70,Curva < 1000,61.828,61.84
61-71,61,71,Curva < 1000,61.84,61.852
61-72,61,72,Curva < 1000,61.852,61.864
61-73,61,73,Curva < 1000,61.864,61.876
61-74,61,74,Curva < 1000,61.876,61.888
61-75,61,75,Curva < 1000,61.888,61.9
61-76,61,76,Principio Curva Circular < 1000,61.9,61.912
61-77,61,77,Curva < 1000,61.912,61.924
61-78,61,78,Curva < 1000,61.924,61.936
61-79,61,79,Curva < 1000,61.936,61.948
61-80,61,80,Curva < 1000,61.948,61.96
61-81,61,81,Curva < 1000,61.96,61.972
