Actividad,Unidad,Anio,Mes,CantidadPlanificada
Inspección Vía,Kmv,2026,9,430.56
Inspección Vía,Kmv,2026,10,46.644
Inspección Vía,Kmv,2026,11,46.644
Inspección Vía,Kmv,2026,12,46.644
Inspección Vía,Kmv,2027,1,46.644
Inspección Vía,Kmv,2027,2,46.644
Inspección Vía,Kmv,2027,3,46.644
Inspección Vía,Kmv,2027,4,25.116
Inspección Vía,Kmv,2027,5,25.116
Inspección Vía,Kmv,2027,6,25.116
Inspección Vía,Kmv,2027,7,25.116
Inspección Vía,Kmv,2027,8,25.116
Inspección de Desviador,Und,2026,9,60
Inspección de Desviador,Und,2026,10,5.5
Inspección de Desviador,Und,2026,11,5.5
Inspección de Desviador,Und,2026,12,5.5
Inspección de Desviador,Und,2027,1,5.5
Inspección de Desviador,Und,2027,2,5.5
Inspección de Desviador,Und,2027,3,5.5
Inspección de Desviador,Und,2027,4,4.5
Inspección de Desviador,Und,2027,5,4.5
Inspección de Desviador,Und,2027,6,4.5
Inspección de Desviador,Und,2027,7,4.5
Inspección de Desviador,Und,2027,8,4.5
Reemplazo de Durmientes Común,Und,2026,9,1174
Reemplazo de Durmientes Común,Und,2026,10,127.183
Reemplazo de Durmientes Común,Und,2026,11,127.183
Reemplazo de Durmientes Común,Und,2026,12,127.183
Reemplazo de Durmientes Común,Und,2027,1,127.183
Reemplazo de Durmientes Común,Und,2027,2,127.183
Reemplazo de Durmientes Común,Und,2027,3,127.183
Reemplazo de Durmientes Común,Und,2027,4,68.483
Reemplazo de Durmientes Común,Und,2027,5,68.483
Reemplazo de Durmientes Común,Und,2027,6,68.483
Reemplazo de Durmientes Común,Und,2027,7,68.483
Reemplazo de Durmientes Común,Und,2027,8,68.483
Mantenimiento de geometría vía,mlv,2026,9,8397.578
Mantenimiento de geometría vía,mlv,2026,10,909.738
Mantenimiento de geometría vía,mlv,2026,11,909.738
Mantenimiento de geometría vía,mlv,2026,12,909.738
Mantenimiento de geometría vía,mlv,2027,1,909.738
Mantenimiento de geometría vía,mlv,2027,2,909.738
Mantenimiento de geometría vía,mlv,2027,3,909.738
Mantenimiento de geometría vía,mlv,2027,4,489.859
Mantenimiento de geometría vía,mlv,2027,5,489.859
Mantenimiento de geometría vía,mlv,2027,6,489.859
Mantenimiento de geometría vía,mlv,2027,7,489.859
Mantenimiento de geometría vía,mlv,2027,8,489.859
Reposición elementos enrrieladura - Eclisas,Und,2026,9,35
Reposición elementos enrrieladura - Eclisas,Und,2026,10,3.792
Reposición elementos enrrieladura - Eclisas,Und,2026,11,3.792
Reposición elementos enrrieladura - Eclisas,Und,2026,12,3.792
Reposición elementos enrrieladura - Eclisas,Und,2027,1,3.792
Reposición elementos enrrieladura - Eclisas,Und,2027,2,3.792
Reposición elementos enrrieladura - Eclisas,Und,2027,3,3.792
Reposición elementos enrrieladura - Eclisas,Und,2027,4,2.042
Reposición elementos enrrieladura - Eclisas,Und,2027,5,2.042
Reposición elementos enrrieladura - Eclisas,Und,2027,6,2.042
Reposición elementos enrrieladura - Eclisas,Und,2027,7,2.042
Reposición elementos enrrieladura - Eclisas,Und,2027,8,2.042
Reposición elementos enrrieladura - Pernos,Und,2026,9,751
Reposición elementos enrrieladura - Pernos,Und,2026,10,81.358
Reposición elementos enrrieladura - Pernos,Und,2026,11,81.358
Reposición elementos enrrieladura - Pernos,Und,2026,12,81.358
Reposición elementos enrrieladura - Pernos,Und,2027,1,81.358
Reposición elementos enrrieladura - Pernos,Und,2027,2,81.358
Reposición elementos enrrieladura - Pernos,Und,2027,3,81.358
Reposición elementos enrrieladura - Pernos,Und,2027,4,43.808
Reposición elementos enrrieladura - Pernos,Und,2027,5,43.808
Reposición elementos enrrieladura - Pernos,Und,2027,6,43.808
Reposición elementos enrrieladura - Pernos,Und,2027,7,43.808
Reposición elementos enrrieladura - Pernos,Und,2027,8,43.808
Reposición elementos enrrieladura - Tirafondos,Und,2026,9,3522
Reposición elementos enrrieladura - Tirafondos,Und,2026,10,381.55
Reposición elementos enrrieladura - Tirafondos,Und,2026,11,381.55
Reposición elementos enrrieladura - Tirafondos,Und,2026,12,381.55
Reposición elementos enrrieladura - Tirafondos,Und,2027,1,381.55
Reposición elementos enrrieladura - Tirafondos,Und,2027,2,381.55
Reposición elementos enrrieladura - Tirafondos,Und,2027,3,381.55
Reposición elementos enrrieladura - Tirafondos,Und,2027,4,205.45
Reposición elementos enrrieladura - Tirafondos,Und,2027,5,205.45
Reposición elementos enrrieladura - Tirafondos,Und,2027,6,205.45
Reposición elementos enrrieladura - Tirafondos,Und,2027,7,205.45
Reposición elementos enrrieladura - Tirafondos,Und,2027,8,205.45
Mantenimiento de Desviador,Und,2026,9,12
Mantenimiento de Desviador,Und,2026,10,1.1
Mantenimiento de Desviador,Und,2026,11,1.1
Mantenimiento de Desviador,Und,2026,12,1.1
Mantenimiento de Desviador,Und,2027,1,1.1
Mantenimiento de Desviador,Und,2027,2,1.1
Mantenimiento de Desviador,Und,2027,3,1.1
Mantenimiento de Desviador,Und,2027,4,0.9
Mantenimiento de Desviador,Und,2027,5,0.9
Mantenimiento de Desviador,Und,2027,6,0.9
Mantenimiento de Desviador,Und,2027,7,0.9
Mantenimiento de Desviador,Und,2027,8,0.9
Mantenimiento de Desvíos,Kmv,2026,9,0
Mantenimiento de Desvíos,Kmv,2026,10,0
Mantenimiento de Desvíos,Kmv,2026,11,0
Mantenimiento de Desvíos,Kmv,2026,12,0
Mantenimiento de Desvíos,Kmv,2027,1,0
Mantenimiento de Desvíos,Kmv,2027,2,0
Mantenimiento de Desvíos,Kmv,2027,3,0
Mantenimiento de Desvíos,Kmv,2027,4,0
Mantenimiento de Desvíos,Kmv,2027,5,0
Mantenimiento de Desvíos,Kmv,2027,6,0
Mantenimiento de Desvíos,Kmv,2027,7,0
Mantenimiento de Desvíos,Kmv,2027,8,0
Mantenimiento Cruce a Nivel,Und,2026,9,75
Mantenimiento Cruce a Nivel,Und,2026,10,6.875
Mantenimiento Cruce a Nivel,Und,2026,11,6.875
Mantenimiento Cruce a Nivel,Und,2026,12,6.875
Mantenimiento Cruce a Nivel,Und,2027,1,6.875
Mantenimiento Cruce a Nivel,Und,2027,2,6.875
Mantenimiento Cruce a Nivel,Und,2027,3,6.875
Mantenimiento Cruce a Nivel,Und,2027,4,5.625
Mantenimiento Cruce a Nivel,Und,2027,5,5.625
Mantenimiento Cruce a Nivel,Und,2027,6,5.625
Mantenimiento Cruce a Nivel,Und,2027,7,5.625
Mantenimiento Cruce a Nivel,Und,2027,8,5.625
Mantenimiento de Cruce peatonal,Und,2026,9,9.852
Mantenimiento de Cruce peatonal,Und,2026,10,0.821
Mantenimiento de Cruce peatonal,Und,2026,11,0.821
Mantenimiento de Cruce peatonal,Und,2026,12,0.821
Mantenimiento de Cruce peatonal,Und,2027,1,0.821
Mantenimiento de Cruce peatonal,Und,2027,2,0.821
Mantenimiento de Cruce peatonal,Und,2027,3,0.821
Mantenimiento de Cruce peatonal,Und,2027,4,0.821
Mantenimiento de Cruce peatonal,Und,2027,5,0.821
Mantenimiento de Cruce peatonal,Und,2027,6,0.821
Mantenimiento de Cruce peatonal,Und,2027,7,0.821
Mantenimiento de Cruce peatonal,Und,2027,8,0.821
Mantenimiento de alcantarillas,mlv,2026,9,164
Mantenimiento de alcantarillas,mlv,2026,10,13.667
Mantenimiento de alcantarillas,mlv,2026,11,13.667
Mantenimiento de alcantarillas,mlv,2026,12,13.667
Mantenimiento de alcantarillas,mlv,2027,1,13.667
Mantenimiento de alcantarillas,mlv,2027,2,13.667
Mantenimiento de alcantarillas,mlv,2027,3,13.667
Mantenimiento de alcantarillas,mlv,2027,4,13.667
Mantenimiento de alcantarillas,mlv,2027,5,13.667
Mantenimiento de alcantarillas,mlv,2027,6,13.667
Mantenimiento de alcantarillas,mlv,2027,7,13.667
Mantenimiento de alcantarillas,mlv,2027,8,13.667
Mantenimiento de cunetas,mlv,2026,9,3000
Mantenimiento de cunetas,mlv,2026,10,250
Mantenimiento de cunetas,mlv,2026,11,250
Mantenimiento de cunetas,mlv,2026,12,250
Mantenimiento de cunetas,mlv,2027,1,250
Mantenimiento de cunetas,mlv,2027,2,250
Mantenimiento de cunetas,mlv,2027,3,250
Mantenimiento de cunetas,mlv,2027,4,250
Mantenimiento de cunetas,mlv,2027,5,250
Mantenimiento de cunetas,mlv,2027,6,250
Mantenimiento de cunetas,mlv,2027,7,250
Mantenimiento de cunetas,mlv,2027,8,250
Reparación/Reposición de Señalización Pare,Und,2026,9,1.97
Reparación/Reposición de Señalización Pare,Und,2026,10,0.181
Reparación/Reposición de Señalización Pare,Und,2026,11,0.181
Reparación/Reposición de Señalización Pare,Und,2026,12,0.181
Reparación/Reposición de Señalización Pare,Und,2027,1,0.181
Reparación/Reposición de Señalización Pare,Und,2027,2,0.181
Reparación/Reposición de Señalización Pare,Und,2027,3,0.181
Reparación/Reposición de Señalización Pare,Und,2027,4,0.148
Reparación/Reposición de Señalización Pare,Und,2027,5,0.148
Reparación/Reposición de Señalización Pare,Und,2027,6,0.148
Reparación/Reposición de Señalización Pare,Und,2027,7,0.148
Reparación/Reposición de Señalización Pare,Und,2027,8,0.148
Reparación/Reposición de Señal Cruce Pito,Und,2026,9,3.941
Reparación/Reposición de Señal Cruce Pito,Und,2026,10,0.361
Reparación/Reposición de Señal Cruce Pito,Und,2026,11,0.361
Reparación/Reposición de Señal Cruce Pito,Und,2026,12,0.361
Reparación/Reposición de Señal Cruce Pito,Und,2027,1,0.361
Reparación/Reposición de Señal Cruce Pito,Und,2027,2,0.361
Reparación/Reposición de Señal Cruce Pito,Und,2027,3,0.361
Reparación/Reposición de Señal Cruce Pito,Und,2027,4,0.296
Reparación/Reposición de Señal Cruce Pito,Und,2027,5,0.296
Reparación/Reposición de Señal Cruce Pito,Und,2027,6,0.296
Reparación/Reposición de Señal Cruce Pito,Und,2027,7,0.296
Reparación/Reposición de Señal Cruce Pito,Und,2027,8,0.296
Reparación/Reposición de Baliza PK,Und,2026,9,1.97
Reparación/Reposición de Baliza PK,Und,2026,10,0.164
Reparación/Reposición de Baliza PK,Und,2026,11,0.164
Reparación/Reposición de Baliza PK,Und,2026,12,0.164
Reparación/Reposición de Baliza PK,Und,2027,1,0.164
Reparación/Reposición de Baliza PK,Und,2027,2,0.164
Reparación/Reposición de Baliza PK,Und,2027,3,0.164
Reparación/Reposición de Baliza PK,Und,2027,4,0.164
Reparación/Reposición de Baliza PK,Und,2027,5,0.164
Reparación/Reposición de Baliza PK,Und,2027,6,0.164
Reparación/Reposición de Baliza PK,Und,2027,7,0.164
Reparación/Reposición de Baliza PK,Und,2027,8,0.164
Control vegetación y retiro de desechos,Kmv,2026,9,179.4
Control vegetación y retiro de desechos,Kmv,2026,10,19.435
Control vegetación y retiro de desechos,Kmv,2026,11,19.435
Control vegetación y retiro de desechos,Kmv,2026,12,19.435
Control vegetación y retiro de desechos,Kmv,2027,1,19.435
Control vegetación y retiro de desechos,Kmv,2027,2,19.435
Control vegetación y retiro de desechos,Kmv,2027,3,19.435
Control vegetación y retiro de desechos,Kmv,2027,4,10.465
Control vegetación y retiro de desechos,Kmv,2027,5,10.465
Control vegetación y retiro de desechos,Kmv,2027,6,10.465
Control vegetación y retiro de desechos,Kmv,2027,7,10.465
Control vegetación y retiro de desechos,Kmv,2027,8,10.465
Otras actividades,H-H,2026,9,0
Otras actividades,H-H,2026,10,0
Otras actividades,H-H,2026,11,0
Otras actividades,H-H,2026,12,0
Otras actividades,H-H,2027,1,0
Otras actividades,H-H,2027,2,0
Otras actividades,H-H,2027,3,0
Otras actividades,H-H,2027,4,0
Otras actividades,H-H,2027,5,0
Otras actividades,H-H,2027,6,0
Otras actividades,H-H,2027,7,0
Otras actividades,H-H,2027,8,0
